"file","line","name","async","tryCatch","throws","lines"
"backend/src/app.js","39","(callback)","false","false","false","6"
"backend/src/app.js","49","origin","false","false","false","4"
"backend/src/app.js","140","(callback)","false","false","false","3"
"backend/src/app.js","146","(callback)","false","false","false","3"
"backend/src/app.js","150","(callback)","true","true","false","16"
"backend/src/app.js","176","(callback)","true","true","false","20"
"backend/src/app.js","186","(callback)","false","false","false","1"
"backend/src/app.js","197","(callback)","false","false","false","7"
"backend/src/app.js","201","(callback)","false","false","false","1"
"backend/src/app.js","205","(callback)","false","false","false","3"
"backend/src/app.js","209","(callback)","false","false","false","3"
"backend/src/controller/accountController.js","7","exports.getAccounts","true","true","false","48"
"backend/src/controller/accountController.js","20","(callback)","false","false","false","25"
"backend/src/controller/accountController.js","21","(callback)","false","false","false","1"
"backend/src/controller/accountController.js","22","(callback)","false","false","false","1"
"backend/src/controller/accountingPeriodController.js","6","listPeriods","true","true","false","14"
"backend/src/controller/accountingPeriodController.js","24","closePeriod","true","true","false","19"
"backend/src/controller/accountingPeriodController.js","47","reopenPeriod","true","true","false","31"
"backend/src/controller/auditController.js","6","exports.getAuditLogs","true","true","false","33"
"backend/src/controller/authController.js","10","generateTokens","false","false","false","13"
"backend/src/controller/authController.js","15","(callback)","false","false","false","1"
"backend/src/controller/authController.js","24","exports.login","true","true","false","166"
"backend/src/controller/authController.js","181","(callback)","false","false","false","1"
"backend/src/controller/authController.js","191","exports.refreshToken","true","true","false","61"
"backend/src/controller/authController.js","228","(callback)","false","false","false","1"
"backend/src/controller/authController.js","253","exports.logout","true","true","false","27"
"backend/src/controller/authController.js","267","(callback)","false","false","false","8"
"backend/src/controller/authController.js","281","exports.changePassword","true","true","false","97"
"backend/src/controller/customerBillingController.js","11","exports.createPaymentPlan","true","true","false","15"
"backend/src/controller/customerBillingController.js","27","exports.listPaymentPlans","true","true","false","9"
"backend/src/controller/customerBillingController.js","37","exports.getPaymentPlanById","true","true","false","9"
"backend/src/controller/customerBillingController.js","47","exports.assignPlanToCustomer","true","true","false","13"
"backend/src/controller/customerBillingController.js","62","exports.issueDemandNote","true","true","false","21"
"backend/src/controller/customerBillingController.js","84","exports.cancelDemandNote","true","true","false","19"
"backend/src/controller/customerBillingController.js","104","exports.listDemandNotes","true","true","false","9"
"backend/src/controller/customerBillingController.js","115","exports.recordCustomerPayment","true","true","false","37"
"backend/src/controller/customerBillingController.js","154","exports.getCustomerStatement","true","true","false","10"
"backend/src/controller/customerBillingController.js","165","exports.getARAgingReport","true","true","false","9"
"backend/src/controller/customerBillingController.js","175","exports.getARReconciliationReport","true","true","false","8"
"backend/src/controller/customerController.js","11","exports.createCustomer","true","true","false","141"
"backend/src/controller/customerController.js","67","(callback)","false","false","false","3"
"backend/src/controller/customerController.js","154","exports.getCustomers","true","true","false","60"
"backend/src/controller/customerController.js","216","exports.getCustomerById","true","true","false","34"
"backend/src/controller/customerController.js","252","exports.updateCustomer","true","true","false","146"
"backend/src/controller/customerController.js","294","(callback)","false","false","false","3"
"backend/src/controller/customerController.js","400","exports.settleCustomerCancellationRefund","true","true","false","215"
"backend/src/controller/customerController.js","487","(callback)","true","false","false","116"
"backend/src/controller/customerController.js","618","exports.recordPayment","true","true","false","202"
"backend/src/controller/customerController.js","689","(callback)","true","false","false","95"
"backend/src/controller/customerController.js","803","(callback)","false","false","false","1"
"backend/src/controller/customerController.js","822","exports.updatePayment","true","true","true","429"
"backend/src/controller/customerController.js","913","(callback)","false","false","false","1"
"backend/src/controller/customerController.js","986","(callback)","true","false","true","159"
"backend/src/controller/customerController.js","1172","(callback)","false","false","false","1"
"backend/src/controller/customerController.js","1232","(callback)","false","false","false","1"
"backend/src/controller/dashboardController.js","4","exports.getWalletStats","true","true","false","54"
"backend/src/controller/dashboardController.js","59","exports.getManagerStats","true","true","false","107"
"backend/src/controller/dashboardController.js","167","exports.getAdminStats","true","true","false","101"
"backend/src/controller/dashboardController.js","269","exports.getAccountingStats","true","true","false","103"
"backend/src/controller/employeeController.js","8","generateNextEmployeeCode","true","false","false","19"
"backend/src/controller/employeeController.js","32","exports.createEmployee","true","true","true","196"
"backend/src/controller/employeeController.js","81","(callback)","true","false","true","112"
"backend/src/controller/employeeController.js","233","exports.getEmployees","true","true","false","133"
"backend/src/controller/employeeController.js","323","(callback)","false","false","false","1"
"backend/src/controller/employeeController.js","330","(callback)","false","false","false","1"
"backend/src/controller/employeeController.js","332","(callback)","false","false","false","17"
"backend/src/controller/employeeController.js","371","exports.getEmployeeById","true","true","false","85"
"backend/src/controller/employeeController.js","461","exports.updateEmployee","true","true","false","134"
"backend/src/controller/employeeController.js","531","(callback)","true","false","false","53"
"backend/src/controller/employeeController.js","600","exports.archiveEmployee","true","true","false","55"
"backend/src/controller/employeeController.js","617","(callback)","true","false","false","27"
"backend/src/controller/employeeController.js","660","exports.linkUser","true","true","false","71"
"backend/src/controller/employeeController.js","693","(callback)","true","false","false","27"
"backend/src/controller/employeeController.js","736","exports.unlinkUser","true","true","false","51"
"backend/src/controller/employeeController.js","754","(callback)","true","false","false","22"
"backend/src/controller/employeeController.js","792","exports.updateSalaryConfig","true","true","false","27"
"backend/src/controller/employeeController.js","824","exports.paySalary","true","true","false","26"
"backend/src/controller/employeeController.js","855","exports.getSalaryPayments","true","true","false","15"
"backend/src/controller/employeeController.js","875","exports.getSalarySummary","true","true","false","15"
"backend/src/controller/expenseController.js","7","exports.getCategories","true","true","false","9"
"backend/src/controller/expenseController.js","17","exports.createExpense","true","true","true","139"
"backend/src/controller/expenseController.js","42","(callback)","true","false","true","103"
"backend/src/controller/expenseController.js","158","exports.reverseExpense","true","true","false","102"
"backend/src/controller/expenseController.js","183","(callback)","true","false","false","66"
"backend/src/controller/expenseController.js","262","exports.getMyExpenses","true","true","false","16"
"backend/src/controller/expenseController.js","280","exports.getTeamExpenses","true","true","false","32"
"backend/src/controller/expenseController.js","289","(callback)","false","false","false","1"
"backend/src/controller/expenseController.js","314","exports.getAllExpenses","true","true","false","15"
"backend/src/controller/fundRequestController.js","7","exports.createRequest","true","true","false","43"
"backend/src/controller/fundRequestController.js","52","exports.getMyRequests","true","true","false","15"
"backend/src/controller/fundRequestController.js","69","exports.getIncomingRequests","true","true","false","15"
"backend/src/controller/fundRequestController.js","86","exports.getAllRequests","true","true","false","14"
"backend/src/controller/fundRequestController.js","103","exports.approveRequest","true","true","true","170"
"backend/src/controller/fundRequestController.js","110","(callback)","true","false","true","143"
"backend/src/controller/fundRequestController.js","275","exports.rejectRequest","true","true","false","39"
"backend/src/controller/fundRequestController.js","316","exports.directAllocateFunds","true","true","true","134"
"backend/src/controller/fundRequestController.js","339","(callback)","true","false","true","94"
"backend/src/controller/journalController.js","6","exports.getJournals","true","true","false","61"
"backend/src/controller/journalController.js","33","(callback)","false","false","false","18"
"backend/src/controller/journalController.js","36","(callback)","false","false","false","4"
"backend/src/controller/noteController.js","13","exports.getNotes","true","true","false","65"
"backend/src/controller/noteController.js","80","exports.getNoteStats","true","true","false","46"
"backend/src/controller/noteController.js","128","exports.getNoteById","true","true","false","17"
"backend/src/controller/noteController.js","147","exports.createNote","true","true","false","56"
"backend/src/controller/noteController.js","205","exports.updateNote","true","true","false","59"
"backend/src/controller/noteController.js","266","exports.deleteNote","true","true","false","43"
"backend/src/controller/notificationController.js","6","getRelativeTime","false","false","false","15"
"backend/src/controller/notificationController.js","25","formatAmount","false","false","false","6"
"backend/src/controller/notificationController.js","37","exports.getNotifications","true","true","false","260"
"backend/src/controller/notificationController.js","278","(callback)","false","false","false","1"
"backend/src/controller/propertyController.js","11","exports.createProperty","true","true","false","110"
"backend/src/controller/propertyController.js","59","(callback)","false","false","false","3"
"backend/src/controller/propertyController.js","123","exports.getProperties","true","true","false","48"
"backend/src/controller/propertyController.js","173","exports.getPropertyById","true","true","false","27"
"backend/src/controller/propertyController.js","202","exports.updateProperty","true","true","false","66"
"backend/src/controller/propertyController.js","224","(callback)","false","false","false","3"
"backend/src/controller/propertyController.js","272","exports.recordPayment","true","true","false","203"
"backend/src/controller/propertyController.js","355","(callback)","true","false","false","108"
"backend/src/controller/propertyController.js","485","exports.updatePropertyPayment","true","true","false","326"
"backend/src/controller/propertyController.js","623","(callback)","true","false","false","177"
"backend/src/controller/searchController.js","14","exports.globalSearch","true","true","false","256"
"backend/src/controller/searchController.js","59","(callback)","false","false","false","1"
"backend/src/controller/searchController.js","81","(callback)","false","false","false","1"
"backend/src/controller/searchController.js","100","(callback)","false","false","false","1"
"backend/src/controller/searchController.js","124","(callback)","false","false","false","1"
"backend/src/controller/searchController.js","146","(callback)","false","false","false","1"
"backend/src/controller/searchController.js","170","(callback)","false","false","false","1"
"backend/src/controller/searchController.js","174","(callback)","false","false","false","10"
"backend/src/controller/searchController.js","185","(callback)","false","false","false","10"
"backend/src/controller/searchController.js","196","(callback)","false","false","false","10"
"backend/src/controller/searchController.js","209","(callback)","false","false","false","10"
"backend/src/controller/searchController.js","220","(callback)","false","false","false","10"
"backend/src/controller/searchController.js","231","(callback)","false","false","false","10"
"backend/src/controller/transactionController.js","4","exports.getAllTransactions","true","true","false","21"
"backend/src/controller/treasuryController.js","13","exports.recordBankInflow","true","true","true","173"
"backend/src/controller/treasuryController.js","56","(callback)","true","false","true","109"
"backend/src/controller/treasuryController.js","190","exports.getTreasuryInflows","true","true","false","51"
"backend/src/controller/treasuryController.js","215","(callback)","false","false","false","1"
"backend/src/controller/treasuryController.js","217","(callback)","false","false","false","11"
"backend/src/controller/treasuryController.js","246","exports.getTreasuryCashflow","true","true","false","86"
"backend/src/controller/treasuryController.js","276","(callback)","false","false","false","1"
"backend/src/controller/treasuryController.js","281","(callback)","false","false","false","35"
"backend/src/controller/userController.js","8","exports.getRoles","true","true","false","15"
"backend/src/controller/userController.js","24","exports.getManagers","true","true","false","35"
"backend/src/controller/userController.js","60","exports.getAllUsers","true","true","false","32"
"backend/src/controller/userController.js","93","exports.registerUser","true","true","false","82"
"backend/src/controller/userController.js","123","(callback)","true","false","false","36"
"backend/src/controller/userController.js","181","exports.adminResetPassword","true","true","false","72"
"backend/src/controller/userController.js","260","exports.toggleUserStatus","true","true","false","77"
"backend/src/controller/walletController.js","17","exports.adjustWalletBalance","true","true","true","267"
"backend/src/controller/walletController.js","67","(callback)","true","false","true","202"
"backend/src/controller/walletController.js","289","exports.getWalletOverview","true","true","false","68"
"backend/src/controller/walletController.js","306","(callback)","false","false","false","31"
"backend/src/middleware/authMiddleware.js","8","createVerifyJWT","false","true","false","41"
"backend/src/middleware/authMiddleware.js","8","(callback)","true","true","false","41"
"backend/src/middleware/authMiddleware.js","44","(callback)","false","false","false","1"
"backend/src/middleware/authMiddleware.js","53","exports.invalidateUserAuthCache","false","false","false","1"
"backend/src/middleware/authSecrets.js","4","authSecrets","false","false","true","10"
"backend/src/middleware/corsOrigins.js","1","createOriginValidator","false","true","true","20"
"backend/src/middleware/corsOrigins.js","19","(callback)","false","false","false","1"
"backend/src/middleware/errorMiddleware.js","7","exports.errorHandler","false","false","false","33"
"backend/src/middleware/idempotencyMiddleware.js","8","createIdempotencyMiddleware","false","true","false","59"
"backend/src/middleware/idempotencyMiddleware.js","8","idempotencyMiddleware","true","true","false","59"
"backend/src/middleware/idempotencyMiddleware.js","40","res.json","false","true","false","20"
"backend/src/middleware/idempotencyMiddleware.js","53","(callback)","false","false","false","3"
"backend/src/middleware/permissionMiddleware.js","2","exports.checkPermission","false","false","false","7"
"backend/src/middleware/permissionMiddleware.js","2","(callback)","false","false","false","7"
"backend/src/middleware/permissionMiddleware.js","6","(callback)","false","false","false","1"
"backend/src/middleware/sanitizerMiddleware.js","7","cleanObject","false","false","false","24"
"backend/src/middleware/sanitizerMiddleware.js","32","exports.sanitizeInput","false","true","false","16"
"backend/src/routes/accountRoutes.js","7","(callback)","false","false","false","6"
"backend/src/routes/auditRoutes.js","7","(callback)","false","false","false","6"
"backend/src/routes/documentRoutes.js","11","run","false","true","false","1"
"backend/src/routes/documentRoutes.js","11","(callback)","true","true","false","1"
"backend/src/routes/documentRoutes.js","13","(callback)","true","true","false","3"
"backend/src/routes/documentRoutes.js","16","(callback)","true","false","false","1"
"backend/src/routes/documentRoutes.js","17","(callback)","true","false","false","4"
"backend/src/routes/documentRoutes.js","21","(callback)","true","false","false","5"
"backend/src/routes/documentRoutes.js","26","(callback)","true","false","false","1"
"backend/src/routes/documentRoutes.js","27","(callback)","true","false","false","1"
"backend/src/routes/documentRoutes.js","28","(callback)","true","false","false","1"
"backend/src/routes/documentRoutes.js","29","(callback)","true","false","false","1"
"backend/src/routes/documentRoutes.js","30","(callback)","true","false","false","1"
"backend/src/routes/documentRoutes.js","31","(callback)","true","false","false","5"
"backend/src/routes/documentRoutes.js","33","(callback)","false","false","false","1"
"backend/src/routes/documentRoutes.js","36","(callback)","true","false","true","16"
"backend/src/routes/documentRoutes.js","42","(callback)","true","false","true","8"
"backend/src/routes/documentRoutes.js","52","(callback)","true","false","false","6"
"backend/src/routes/documentRoutes.js","55","(callback)","false","false","false","1"
"backend/src/routes/documentRoutes.js","58","(callback)","true","false","false","5"
"backend/src/routes/documentRoutes.js","63","(callback)","true","false","false","1"
"backend/src/routes/documentRoutes.js","64","(callback)","true","false","false","1"
"backend/src/routes/documentRoutes.js","65","(callback)","false","false","false","5"
"backend/src/routes/expenseRoutes.js","15","(callback)","false","false","false","6"
"backend/src/routes/expenseRoutes.js","29","(callback)","false","false","false","6"
"backend/src/routes/journalRoutes.js","7","(callback)","false","false","false","6"
"backend/src/routes/noteRoutes.js","7","requireNoteAccess","false","false","false","9"
"backend/src/routes/treasuryRoutes.js","7","(callback)","false","false","false","6"
"backend/src/routes/treasuryRoutes.js","15","(callback)","false","false","false","6"
"backend/src/routes/treasuryRoutes.js","22","(callback)","false","false","false","6"
"backend/src/services/accountingPeriodService.js","11","getIndianFiscalQuarter","false","false","false","6"
"backend/src/services/accountingPeriodService.js","23","getIndianFiscalYear","false","false","false","3"
"backend/src/services/accountingPeriodService.js","30","ensureAccountingPeriods","true","false","false","45"
"backend/src/services/accountingPeriodService.js","79","listAccountingPeriods","true","false","false","17"
"backend/src/services/accountingPeriodService.js","100","getPeriodForDate","true","false","false","23"
"backend/src/services/accountingPeriodService.js","128","closeAccountingPeriod","true","false","true","49"
"backend/src/services/accountingPeriodService.js","129","(callback)","true","false","true","47"
"backend/src/services/accountingPeriodService.js","182","reopenAccountingPeriod","true","false","true","58"
"backend/src/services/accountingPeriodService.js","191","(callback)","true","false","true","48"
"backend/src/services/customerBillingService.js","13","generateNextDemandNumber","true","false","false","22"
"backend/src/services/customerBillingService.js","40","generateNextLedgerEntryNumber","true","false","false","22"
"backend/src/services/customerBillingService.js","66","issueDemandNote","true","false","true","198"
"backend/src/services/customerBillingService.js","75","(callback)","true","false","true","188"
"backend/src/services/customerBillingService.js","268","cancelDemandNote","true","false","true","130"
"backend/src/services/customerBillingService.js","278","(callback)","true","false","true","119"
"backend/src/services/customerBillingService.js","402","listDemandNotes","true","false","false","25"
"backend/src/services/customerLedgerService.js","10","getCustomerStatement","true","false","true","96"
"backend/src/services/customerLedgerService.js","61","(callback)","false","false","false","20"
"backend/src/services/customerLedgerService.js","111","getARAgingReport","true","false","false","98"
"backend/src/services/customerLedgerService.js","213","getARReconciliationReport","true","false","false","116"
"backend/src/services/customerLedgerService.js","225","(callback)","false","false","false","1"
"backend/src/services/customerLedgerService.js","238","(callback)","false","false","false","1"
"backend/src/services/customerLedgerService.js","283","(callback)","false","false","false","1"
"backend/src/services/customerLedgerService.js","284","(callback)","false","false","false","1"
"backend/src/services/customerLedgerService.js","296","(callback)","false","false","false","1"
"backend/src/services/customerLedgerService.js","297","(callback)","false","false","false","1"
"backend/src/services/documents/clamav.js","8","endpoint","false","false","true","9"
"backend/src/services/documents/clamav.js","18","command","false","true","false","32"
"backend/src/services/documents/clamav.js","19","(callback)","false","true","false","30"
"backend/src/services/documents/clamav.js","23","finish","false","false","false","6"
"backend/src/services/documents/clamav.js","29","(callback)","false","false","false","1"
"backend/src/services/documents/clamav.js","30","(callback)","false","false","false","1"
"backend/src/services/documents/clamav.js","31","(callback)","false","false","false","1"
"backend/src/services/documents/clamav.js","32","(callback)","false","false","false","6"
"backend/src/services/documents/clamav.js","38","(callback)","true","true","false","10"
"backend/src/services/documents/clamav.js","41","(callback)","false","false","false","4"
"backend/src/services/documents/clamav.js","43","(callback)","false","false","false","1"
"backend/src/services/documents/clamav.js","51","ping","true","false","true","5"
"backend/src/services/documents/clamav.js","57","scan","true","false","true","15"
"backend/src/services/documents/files.js","6","fileName","false","false","true","4"
"backend/src/services/documents/files.js","10","validateFile","true","true","true","39"
"backend/src/services/documents/files.js","27","inspect","false","false","true","12"
"backend/src/services/documents/files.js","36","(callback)","false","false","false","1"
"backend/src/services/documents/files.js","49","preview","true","false","false","4"
"backend/src/services/documents/permissions.js","3","syncDocumentPermissions","true","false","false","10"
"backend/src/services/documents/permissions.js","10","(callback)","false","false","false","1"
"backend/src/services/documents/permissions.js","10","(callback)","false","false","false","1"
"backend/src/services/documents/policy.js","14","fail","false","false","false","3"
"backend/src/services/documents/policy.js","17","sourceType","false","false","true","4"
"backend/src/services/documents/policy.js","21","uuid","false","false","true","4"
"backend/src/services/documents/policy.js","25","documentType","false","false","true","4"
"backend/src/services/documents/policy.js","29","requiredGroups","false","false","false","10"
"backend/src/services/documents/policy.js","39","policy","false","false","false","3"
"backend/src/services/documents/policy.js","42","evidenceState","false","false","false","11"
"backend/src/services/documents/policy.js","44","(callback)","false","false","false","1"
"backend/src/services/documents/policy.js","45","(callback)","false","false","false","1"
"backend/src/services/documents/policy.js","46","(callback)","false","false","false","1"
"backend/src/services/documents/policy.js","46","(callback)","false","false","false","1"
"backend/src/services/documents/policy.js","47","(callback)","false","false","false","1"
"backend/src/services/documents/policy.js","47","(callback)","false","false","false","1"
"backend/src/services/documents/policy.js","48","(callback)","false","false","false","1"
"backend/src/services/documents/policy.js","49","(callback)","false","false","false","1"
"backend/src/services/documents/review.js","22","allowedSources","false","false","false","7"
"backend/src/services/documents/review.js","23","(callback)","false","false","false","5"
"backend/src/services/documents/review.js","29","filters","false","false","true","25"
"backend/src/services/documents/review.js","54","pagination","false","false","true","5"
"backend/src/services/documents/review.js","59","queue","true","false","false","7"
"backend/src/services/documents/review.js","66","missingCondition","false","false","false","19"
"backend/src/services/documents/review.js","73","(callback)","false","false","false","6"
"backend/src/services/documents/review.js","85","transactions","true","false","false","13"
"backend/src/services/documents/review.js","98","summary","true","false","false","10"
"backend/src/services/documents/review.js","108","journalSource","true","true","true","26"
"backend/src/services/documents/s3.js","8","validKey","false","false","true","4"
"backend/src/services/documents/s3.js","12","missing","false","false","false","1"
"backend/src/services/documents/s3.js","13","unavailable","false","false","false","1"
"backend/src/services/documents/s3.js","36","put","true","true","true","7"
"backend/src/services/documents/s3.js","43","read","true","true","true","14"
"backend/src/services/documents/s3.js","57","exists","true","true","true","5"
"backend/src/services/documents/s3.js","62","removeUnclaimed","true","true","true","5"
"backend/src/services/documents/s3.js","67","list","true","true","true","15"
"backend/src/services/documents/service.js","8","safeDocument","false","false","false","4"
"backend/src/services/documents/service.js","12","checkedContent","true","false","true","5"
"backend/src/services/documents/service.js","17","audit","true","false","true","4"
"backend/src/services/documents/service.js","21","stage","true","true","true","41"
"backend/src/services/documents/service.js","42","(callback)","true","false","true","8"
"backend/src/services/documents/service.js","62","uploadRecords","true","false","true","13"
"backend/src/services/documents/service.js","75","validateSubmission","true","false","true","10"
"backend/src/services/documents/service.js","81","(callback)","false","false","false","1"
"backend/src/services/documents/service.js","81","(callback)","false","false","false","1"
"backend/src/services/documents/service.js","82","(callback)","false","false","false","1"
"backend/src/services/documents/service.js","85","attach","true","false","true","21"
"backend/src/services/documents/service.js","89","(callback)","false","false","false","1"
"backend/src/services/documents/service.js","106","list","true","false","true","16"
"backend/src/services/documents/service.js","122","get","true","false","true","8"
"backend/src/services/documents/service.js","130","transition","true","false","true","17"
"backend/src/services/documents/service.js","131","(callback)","true","false","true","15"
"backend/src/services/documents/service.js","147","replace","true","false","true","18"
"backend/src/services/documents/service.js","148","(callback)","true","false","true","16"
"backend/src/services/documents/service.js","165","content","true","false","false","6"
"backend/src/services/documents/sources.js","2","has","false","false","false","1"
"backend/src/services/documents/sources.js","3","finance","false","false","false","1"
"backend/src/services/documents/sources.js","4","actorFrom","true","false","true","6"
"backend/src/services/documents/sources.js","8","(callback)","false","false","false","1"
"backend/src/services/documents/sources.js","10","capability","false","false","true","3"
"backend/src/services/documents/sources.js","13","sensitive","false","false","true","3"
"backend/src/services/documents/sources.js","16","canStage","false","false","true","5"
"backend/src/services/documents/sources.js","21","resolveSource","true","false","true","41"
"backend/src/services/documents/storage.js","15","location","false","false","true","4"
"backend/src/services/documents/storage.js","19","put","true","false","false","6"
"backend/src/services/documents/storage.js","25","read","true","true","true","8"
"backend/src/services/documents/storage.js","33","exists","true","true","false","1"
"backend/src/services/documents/storage.js","34","removeUnclaimed","true","true","true","1"
"backend/src/services/documents/storage.js","34","(callback)","false","false","true","1"
"backend/src/services/documents/storage.js","35","list","true","false","false","10"
"backend/src/services/documents/storage.js","39","(callback)","false","false","false","1"
"backend/src/services/documents/storage.js","47","storage","false","false","true","5"
"backend/src/services/documents/storage.js","51","(callback)","false","false","true","1"
"backend/src/services/documents/storage.js","54","scan","true","false","true","9"
"backend/src/services/paymentAllocationService.js","15","recordCustomerReceipt","true","false","true","272"
"backend/src/services/paymentAllocationService.js","45","(callback)","true","false","true","241"
"backend/src/services/paymentPlanService.js","10","createPaymentPlan","true","false","true","107"
"backend/src/services/paymentPlanService.js","70","(callback)","false","false","false","1"
"backend/src/services/paymentPlanService.js","79","(callback)","true","false","false","37"
"backend/src/services/paymentPlanService.js","121","listPaymentPlans","true","false","false","17"
"backend/src/services/paymentPlanService.js","142","getPaymentPlanById","true","false","true","25"
"backend/src/services/paymentPlanService.js","171","assignPlanToCustomer","true","false","true","32"
"backend/src/services/salaryService.js","10","generateNextSalaryPaymentNumber","true","false","false","23"
"backend/src/services/salaryService.js","37","updateEmployeeSalaryConfig","true","false","true","54"
"backend/src/services/salaryService.js","96","disburseEmployeeSalary","true","false","true","213"
"backend/src/services/salaryService.js","149","(callback)","true","false","true","134"
"backend/src/services/salaryService.js","313","getEmployeeSalaryPayments","true","false","false","22"
"backend/src/services/salaryService.js","339","getSalarySummary","true","false","false","37"
"backend/src/utils/accountingHelper.js","33","ensureStandardAccounts","true","true","false","18"
"backend/src/utils/accountingHelper.js","38","(callback)","false","false","false","1"
"backend/src/utils/accountingHelper.js","39","(callback)","false","false","false","1"
"backend/src/utils/accountingHelper.js","60","postJournalEntry","true","true","true","148"
"backend/src/utils/accountingHelper.js","133","(callback)","false","false","false","1"
"backend/src/utils/accountingHelper.js","138","(callback)","false","false","false","1"
"backend/src/utils/accountingHelper.js","139","(callback)","false","false","false","1"
"backend/src/utils/accountingHelper.js","148","(callback)","false","false","false","1"
"backend/src/utils/accountingHelper.js","190","(callback)","false","false","true","12"
"backend/src/utils/accountingHelper.js","214","postAllocationJournal","true","false","false","22"
"backend/src/utils/accountingHelper.js","242","postExpenseJournal","true","false","false","28"
"backend/src/utils/accountingHelper.js","276","postExpenseReversalJournal","true","false","false","28"
"backend/src/utils/accountingHelper.js","310","postCustomerPaymentJournal","true","false","false","20"
"backend/src/utils/accountingHelper.js","336","postPropertyPaymentJournal","true","false","false","19"
"backend/src/utils/accountingHelper.js","361","postCapitalInfusionJournal","true","false","false","31"
"backend/src/utils/accountingHelper.js","398","postCustomerRefundJournal","true","false","false","18"
"backend/src/utils/accountingHelper.js","422","postSalaryPaymentSettlementJournal","true","false","false","20"
"backend/src/utils/accountingHelper.js","448","postSalaryPaymentReversalJournal","true","false","false","21"
"backend/src/utils/accountingHelper.js","479","postWalletAdjustmentJournal","true","false","false","30"
"backend/src/utils/accountingHelper.js","519","postCustomerPaymentAdjustmentJournal","true","false","false","38"
"backend/src/utils/accountingHelper.js","567","postPropertyPaymentAdjustmentJournal","true","false","false","39"
"backend/src/utils/auditLogger.js","6","logAudit","true","true","false","35"
"backend/src/utils/identifierHelper.js","11","cleanPlotNumber","false","false","false","8"
"backend/src/utils/identifierHelper.js","26","cleanKhataNumber","false","false","false","8"
"backend/src/utils/identifierHelper.js","43","normalizeForComparison","false","false","false","8"
"backend/src/utils/loginRateLimiter.js","23","cleanIp","false","false","false","8"
"backend/src/utils/loginRateLimiter.js","35","cleanEmail","false","false","false","4"
"backend/src/utils/loginRateLimiter.js","47","isRestricted","false","false","false","43"
"backend/src/utils/loginRateLimiter.js","99","recordFailedAttempt","false","false","false","63"
"backend/src/utils/loginRateLimiter.js","169","recordSuccess","false","false","false","12"
"backend/src/utils/loginRateLimiter.js","187","clearRestrictionForAccount","false","false","false","6"
"backend/src/utils/loginRateLimiter.js","195","(callback)","false","false","false","18"
"backend/src/utils/passwordValidator.js","74","validatePassword","false","false","false","111"
"backend/src/utils/referenceValidator.js","8","normalizeReferenceNo","false","false","false","5"
"backend/src/utils/referenceValidator.js","28","getFriendlyModuleName","false","false","false","18"
"backend/src/utils/referenceValidator.js","47","checkDuplicateReferenceNo","true","false","false","107"
"backend/src/utils/referenceValidator.js","159","registerBankReference","true","true","true","68"
"backend/src/utils/referenceValidator.js","232","markReferenceReversed","true","false","false","30"
"backend/src/utils/treasuryHelper.js","6","getPrimaryTreasuryAdmin","true","false","false","15"
"backend/src/utils/treasuryHelper.js","25","getPrimaryTreasuryWallet","true","false","true","23"
"frontend/src/app/api/[...path]/route.js","16","proxyRequest","true","true","false","67"
"frontend/src/app/api/[...path]/route.js","48","(callback)","false","false","false","1"
"frontend/src/app/api/[...path]/route.js","84","OPTIONS","true","false","false","10"
"frontend/src/app/dashboards/accounting/page.js","68","AccountingDashboard","false","false","false","98"
"frontend/src/app/dashboards/accounting/page.js","72","(callback)","false","false","false","13"
"frontend/src/app/dashboards/accounting/page.js","73","updateTab","false","false","false","6"
"frontend/src/app/dashboards/accounting/page.js","83","(callback)","false","false","false","1"
"frontend/src/app/dashboards/accounting/page.js","86","renderWalletPanel","false","false","false","53"
"frontend/src/app/dashboards/accounting/page.js","105","(callback)","false","false","false","1"
"frontend/src/app/dashboards/accounting/page.js","116","(callback)","false","false","false","1"
"frontend/src/app/dashboards/accounting/page.js","140","renderPanel","false","false","false","9"
"frontend/src/app/dashboards/admin/page.js","135","AdminDashboard","false","false","false","95"
"frontend/src/app/dashboards/admin/page.js","138","(callback)","false","false","false","13"
"frontend/src/app/dashboards/admin/page.js","139","updateTab","false","false","false","6"
"frontend/src/app/dashboards/admin/page.js","149","(callback)","false","false","false","1"
"frontend/src/app/dashboards/admin/page.js","152","renderPanel","false","false","false","62"
"frontend/src/app/dashboards/admin/page.js","153","(callback)","false","false","false","1"
"frontend/src/app/dashboards/admin/page.js","155","(callback)","false","false","false","1"
"frontend/src/app/dashboards/documents/page.js","12","DocumentReviewPage","false","true","false","49"
"frontend/src/app/dashboards/documents/page.js","23","(callback)","true","true","false","8"
"frontend/src/app/dashboards/documents/page.js","31","(callback)","false","true","false","9"
"frontend/src/app/dashboards/documents/page.js","35","(callback)","false","false","false","1"
"frontend/src/app/dashboards/documents/page.js","36","(callback)","false","false","false","1"
"frontend/src/app/dashboards/documents/page.js","37","(callback)","false","false","false","1"
"frontend/src/app/dashboards/documents/page.js","38","(callback)","false","false","false","1"
"frontend/src/app/dashboards/documents/page.js","40","set","false","false","false","1"
"frontend/src/app/dashboards/documents/page.js","40","(callback)","false","false","false","1"
"frontend/src/app/dashboards/documents/page.js","45","(callback)","false","false","false","1"
"frontend/src/app/dashboards/documents/page.js","46","(callback)","false","false","false","1"
"frontend/src/app/dashboards/documents/page.js","46","(callback)","false","false","false","1"
"frontend/src/app/dashboards/documents/page.js","47","(callback)","false","false","false","1"
"frontend/src/app/dashboards/documents/page.js","48","(callback)","false","false","false","1"
"frontend/src/app/dashboards/documents/page.js","49","(callback)","false","false","false","1"
"frontend/src/app/dashboards/documents/page.js","49","(callback)","false","false","false","1"
"frontend/src/app/dashboards/documents/page.js","50","(callback)","false","false","false","1"
"frontend/src/app/dashboards/documents/page.js","50","(callback)","false","false","false","1"
"frontend/src/app/dashboards/documents/page.js","51","(callback)","false","false","false","1"
"frontend/src/app/dashboards/documents/page.js","51","(callback)","false","false","false","1"
"frontend/src/app/dashboards/documents/page.js","52","(callback)","false","false","false","1"
"frontend/src/app/dashboards/documents/page.js","52","(callback)","false","false","false","1"
"frontend/src/app/dashboards/documents/page.js","55","(callback)","false","false","false","1"
"frontend/src/app/dashboards/documents/page.js","55","(callback)","false","false","false","1"
"frontend/src/app/dashboards/documents/page.js","55","(callback)","false","false","false","1"
"frontend/src/app/dashboards/documents/page.js","57","(callback)","false","false","false","1"
"frontend/src/app/dashboards/documents/page.js","57","(callback)","false","false","false","1"
"frontend/src/app/dashboards/documents/page.js","58","(callback)","false","false","false","1"
"frontend/src/app/dashboards/documents/page.js","58","(callback)","false","false","false","1"
"frontend/src/app/dashboards/documents/page.js","58","(callback)","false","false","false","1"
"frontend/src/app/dashboards/documents/page.js","58","(callback)","false","false","false","1"
"frontend/src/app/dashboards/employees/page.js","18","EmployeesDashboardPage","false","false","false","17"
"frontend/src/app/dashboards/employees/[id]/page.js","6","EmployeeDetailPage","false","false","false","6"
"frontend/src/app/dashboards/layout.js","43","DashboardHeader","false","true","true","1306"
"frontend/src/app/dashboards/layout.js","59","(callback)","false","true","false","35"
"frontend/src/app/dashboards/layout.js","68","(callback)","true","true","false","23"
"frontend/src/app/dashboards/layout.js","92","(callback)","false","false","false","1"
"frontend/src/app/dashboards/layout.js","96","(callback)","false","false","false","13"
"frontend/src/app/dashboards/layout.js","97","handleKeyDown","false","false","false","9"
"frontend/src/app/dashboards/layout.js","100","(callback)","false","false","false","1"
"frontend/src/app/dashboards/layout.js","107","(callback)","false","false","false","1"
"frontend/src/app/dashboards/layout.js","110","handleSearchResultClick","false","false","false","35"
"frontend/src/app/dashboards/layout.js","132","(callback)","false","false","false","7"
"frontend/src/app/dashboards/layout.js","162","handleChangePassword","true","true","true","53"
"frontend/src/app/dashboards/layout.js","218","(callback)","false","true","false","8"
"frontend/src/app/dashboards/layout.js","227","fetchNotifications","true","true","false","15"
"frontend/src/app/dashboards/layout.js","243","(callback)","false","false","false","5"
"frontend/src/app/dashboards/layout.js","246","(callback)","false","false","false","1"
"frontend/src/app/dashboards/layout.js","249","(callback)","false","false","false","3"
"frontend/src/app/dashboards/layout.js","250","(callback)","false","false","false","1"
"frontend/src/app/dashboards/layout.js","253","markAllRead","false","true","false","8"
"frontend/src/app/dashboards/layout.js","254","(callback)","false","false","false","1"
"frontend/src/app/dashboards/layout.js","262","handleNotificationClick","false","true","false","17"
"frontend/src/app/dashboards/layout.js","280","getCategoryBadgeClass","false","false","false","16"
"frontend/src/app/dashboards/layout.js","301","(callback)","false","false","false","12"
"frontend/src/app/dashboards/layout.js","302","handleClickOutside","false","false","false","8"
"frontend/src/app/dashboards/layout.js","311","(callback)","false","false","false","1"
"frontend/src/app/dashboards/layout.js","318","(callback)","false","false","false","8"
"frontend/src/app/dashboards/layout.js","381","(callback)","false","false","false","1"
"frontend/src/app/dashboards/layout.js","382","(callback)","false","false","false","1"
"frontend/src/app/dashboards/layout.js","395","(callback)","false","false","false","1"
"frontend/src/app/dashboards/layout.js","417","(callback)","false","false","false","19"
"frontend/src/app/dashboards/layout.js","424","(callback)","false","false","false","1"
"frontend/src/app/dashboards/layout.js","445","(callback)","false","false","false","1"
"frontend/src/app/dashboards/layout.js","456","(callback)","false","false","false","1"
"frontend/src/app/dashboards/layout.js","498","(callback)","false","false","false","29"
"frontend/src/app/dashboards/layout.js","503","(callback)","false","false","false","1"
"frontend/src/app/dashboards/layout.js","537","(callback)","false","false","false","1"
"frontend/src/app/dashboards/layout.js","568","(callback)","false","false","false","4"
"frontend/src/app/dashboards/layout.js","580","(callback)","false","false","false","8"
"frontend/src/app/dashboards/layout.js","596","(callback)","false","false","false","4"
"frontend/src/app/dashboards/layout.js","611","(callback)","false","false","false","4"
"frontend/src/app/dashboards/layout.js","634","(callback)","false","false","false","3"
"frontend/src/app/dashboards/layout.js","646","(callback)","false","false","false","1"
"frontend/src/app/dashboards/layout.js","656","(callback)","false","false","false","4"
"frontend/src/app/dashboards/layout.js","668","(callback)","false","false","false","1"
"frontend/src/app/dashboards/layout.js","685","(callback)","false","false","false","1"
"frontend/src/app/dashboards/layout.js","698","(callback)","false","false","false","1"
"frontend/src/app/dashboards/layout.js","711","(callback)","false","false","false","1"
"frontend/src/app/dashboards/layout.js","724","(callback)","false","false","false","1"
"frontend/src/app/dashboards/layout.js","752","(callback)","false","false","false","17"
"frontend/src/app/dashboards/layout.js","755","(callback)","false","false","false","1"
"frontend/src/app/dashboards/layout.js","781","(callback)","false","false","false","17"
"frontend/src/app/dashboards/layout.js","784","(callback)","false","false","false","1"
"frontend/src/app/dashboards/layout.js","810","(callback)","false","false","false","17"
"frontend/src/app/dashboards/layout.js","813","(callback)","false","false","false","1"
"frontend/src/app/dashboards/layout.js","839","(callback)","false","false","false","17"
"frontend/src/app/dashboards/layout.js","842","(callback)","false","false","false","1"
"frontend/src/app/dashboards/layout.js","868","(callback)","false","false","false","19"
"frontend/src/app/dashboards/layout.js","871","(callback)","false","false","false","1"
"frontend/src/app/dashboards/layout.js","931","(callback)","false","false","false","1"
"frontend/src/app/dashboards/layout.js","961","(callback)","false","false","false","6"
"frontend/src/app/dashboards/layout.js","975","(callback)","false","false","false","4"
"frontend/src/app/dashboards/layout.js","989","(callback)","false","false","false","1"
"frontend/src/app/dashboards/layout.js","1016","(callback)","false","false","false","5"
"frontend/src/app/dashboards/layout.js","1031","(callback)","false","false","false","4"
"frontend/src/app/dashboards/layout.js","1046","(callback)","false","false","false","1"
"frontend/src/app/dashboards/layout.js","1087","(callback)","false","false","false","4"
"frontend/src/app/dashboards/layout.js","1125","(callback)","false","false","false","2"
"frontend/src/app/dashboards/layout.js","1134","(callback)","false","false","false","2"
"frontend/src/app/dashboards/layout.js","1156","(callback)","false","false","false","2"
"frontend/src/app/dashboards/layout.js","1165","(callback)","false","false","false","2"
"frontend/src/app/dashboards/layout.js","1190","(callback)","false","false","false","2"
"frontend/src/app/dashboards/layout.js","1199","(callback)","false","false","false","2"
"frontend/src/app/dashboards/layout.js","1214","(callback)","false","false","false","5"
"frontend/src/app/dashboards/layout.js","1270","(callback)","false","false","false","1"
"frontend/src/app/dashboards/layout.js","1295","(callback)","false","false","false","1"
"frontend/src/app/dashboards/layout.js","1337","(callback)","false","false","false","1"
"frontend/src/app/dashboards/layout.js","1350","DashboardsLayout","false","false","false","78"
"frontend/src/app/dashboards/layout.js","1354","(callback)","false","false","false","5"
"frontend/src/app/dashboards/manager/page.js","42","ManagerDashboard","false","false","false","33"
"frontend/src/app/dashboards/manager/page.js","45","(callback)","false","false","false","7"
"frontend/src/app/dashboards/manager/page.js","53","renderPanel","false","false","false","6"
"frontend/src/app/dashboards/wallet/page.js","13","WalletDashboard","false","false","false","191"
"frontend/src/app/dashboards/wallet/page.js","53","renderActivityPanel","false","false","false","93"
"frontend/src/app/dashboards/wallet/page.js","71","(callback)","false","false","false","1"
"frontend/src/app/dashboards/wallet/page.js","82","(callback)","false","false","false","1"
"frontend/src/app/dashboards/wallet/page.js","93","(callback)","false","false","false","1"
"frontend/src/app/dashboards/wallet/page.js","107","(callback)","false","false","false","1"
"frontend/src/app/dashboards/wallet/page.js","116","(callback)","false","false","false","1"
"frontend/src/app/dashboards/wallet/page.js","147","renderWalletPanel","false","false","false","29"
"frontend/src/app/dashboards/wallet/page.js","177","renderPanel","false","false","false","7"
"frontend/src/app/layout.tsx","29","RootLayout","false","false","false","16"
"frontend/src/app/login/page.js","27","EstateSyncLogoMark","false","false","false","44"
"frontend/src/app/login/page.js","72","LoginPage","false","true","false","588"
"frontend/src/app/login/page.js","78","(callback)","false","false","false","6"
"frontend/src/app/login/page.js","89","handleBackClick","false","false","false","10"
"frontend/src/app/login/page.js","94","(callback)","false","false","false","1"
"frontend/src/app/login/page.js","95","(callback)","false","false","false","3"
"frontend/src/app/login/page.js","96","(callback)","false","false","false","1"
"frontend/src/app/login/page.js","96","(callback)","false","false","false","1"
"frontend/src/app/login/page.js","103","(callback)","false","true","false","15"
"frontend/src/app/login/page.js","104","(callback)","false","true","false","11"
"frontend/src/app/login/page.js","116","(callback)","false","false","false","1"
"frontend/src/app/login/page.js","119","handleSubmit","true","true","false","23"
"frontend/src/app/login/page.js","244","(callback)","false","false","false","21"
"frontend/src/app/login/page.js","313","(callback)","false","false","false","10"
"frontend/src/app/login/page.js","395","(callback)","false","false","false","1"
"frontend/src/app/login/page.js","413","(callback)","false","false","false","1"
"frontend/src/app/login/page.js","428","(callback)","false","false","false","1"
"frontend/src/app/login/page.js","434","(callback)","false","false","false","1"
"frontend/src/app/login/page.js","449","(callback)","false","false","false","1"
"frontend/src/app/login/page.js","486","(callback)","false","false","false","1"
"frontend/src/app/login/page.js","555","(callback)","false","false","false","1"
"frontend/src/app/login/page.js","616","(callback)","false","false","false","1"
"frontend/src/app/login/page.js","636","(callback)","false","false","false","1"
"frontend/src/app/login/page.js","648","(callback)","false","false","false","1"
"frontend/src/app/page.tsx","16","EstateSyncLogoMark","false","false","false","44"
"frontend/src/app/page.tsx","61","LandingPage","false","false","false","455"
"frontend/src/app/page.tsx","65","handleButtonClick","false","false","false","10"
"frontend/src/app/page.tsx","70","(callback)","false","false","false","1"
"frontend/src/app/page.tsx","71","(callback)","false","false","false","3"
"frontend/src/app/page.tsx","72","(callback)","false","false","false","1"
"frontend/src/app/page.tsx","72","(callback)","false","false","false","1"
"frontend/src/app/page.tsx","167","(callback)","false","false","false","1"
"frontend/src/app/page.tsx","182","(callback)","false","false","false","1"
"frontend/src/app/page.tsx","189","(callback)","false","false","false","1"
"frontend/src/app/page.tsx","196","(callback)","false","false","false","1"
"frontend/src/app/page.tsx","203","(callback)","false","false","false","1"
"frontend/src/app/page.tsx","210","(callback)","false","false","false","1"
"frontend/src/app/page.tsx","271","(callback)","false","false","false","10"
"frontend/src/app/privacy/page.tsx","24","EstateSyncLogoMark","false","false","false","39"
"frontend/src/app/privacy/page.tsx","64","PrivacyPolicyPage","false","false","false","434"
"frontend/src/app/privacy/page.tsx","163","(callback)","false","false","false","15"
"frontend/src/app/privacy/page.tsx","167","(callback)","false","false","false","1"
"frontend/src/app/support/page.tsx","27","EstateSyncLogoMark","false","false","false","39"
"frontend/src/app/support/page.tsx","67","SupportPage","false","false","false","517"
"frontend/src/app/support/page.tsx","111","(callback)","false","false","false","3"
"frontend/src/app/support/page.tsx","116","handleTicketSubmit","false","false","false","19"
"frontend/src/app/support/page.tsx","121","(callback)","false","false","false","13"
"frontend/src/app/support/page.tsx","198","(callback)","false","false","false","1"
"frontend/src/app/support/page.tsx","304","(callback)","false","false","false","1"
"frontend/src/app/support/page.tsx","321","(callback)","false","false","false","1"
"frontend/src/app/support/page.tsx","335","(callback)","false","false","false","1"
"frontend/src/app/support/page.tsx","350","(callback)","false","false","false","1"
"frontend/src/app/support/page.tsx","362","(callback)","false","false","false","1"
"frontend/src/app/support/page.tsx","380","(callback)","false","false","false","14"
"frontend/src/app/support/page.tsx","384","(callback)","false","false","false","1"
"frontend/src/app/support/page.tsx","405","(callback)","false","false","false","1"
"frontend/src/app/support/page.tsx","521","(callback)","false","false","false","29"
"frontend/src/app/support/page.tsx","530","(callback)","false","false","false","1"
"frontend/src/app/terms/page.tsx","24","EstateSyncLogoMark","false","false","false","39"
"frontend/src/app/terms/page.tsx","64","TermsAndConditionsPage","false","false","false","398"
"frontend/src/app/terms/page.tsx","164","(callback)","false","false","false","15"
"frontend/src/app/terms/page.tsx","168","(callback)","false","false","false","1"
"frontend/src/components/accounting/AccountingSalaryView.js","24","AccountingSalaryView","false","true","false","368"
"frontend/src/components/accounting/AccountingSalaryView.js","40","(callback)","true","true","false","21"
"frontend/src/components/accounting/AccountingSalaryView.js","62","(callback)","false","false","false","6"
"frontend/src/components/accounting/AccountingSalaryView.js","64","handleRefresh","false","false","false","1"
"frontend/src/components/accounting/AccountingSalaryView.js","66","(callback)","false","false","false","1"
"frontend/src/components/accounting/AccountingSalaryView.js","69","handlePaySuccess","false","false","false","5"
"frontend/src/components/accounting/AccountingSalaryView.js","71","(callback)","false","false","false","1"
"frontend/src/components/accounting/AccountingSalaryView.js","75","(callback)","false","false","false","9"
"frontend/src/components/accounting/AccountingSalaryView.js","94","(callback)","false","false","false","1"
"frontend/src/components/accounting/AccountingSalaryView.js","202","(callback)","false","false","false","1"
"frontend/src/components/accounting/AccountingSalaryView.js","213","(callback)","false","false","false","1"
"frontend/src/components/accounting/AccountingSalaryView.js","253","(callback)","false","false","false","107"
"frontend/src/components/accounting/AccountingSalaryView.js","291","(callback)","false","false","false","1"
"frontend/src/components/accounting/AccountingSalaryView.js","301","(callback)","false","false","false","1"
"frontend/src/components/accounting/AccountingSalaryView.js","338","(callback)","false","false","false","1"
"frontend/src/components/accounting/AccountingSalaryView.js","347","(callback)","false","false","false","1"
"frontend/src/components/accounting/AccountingSalaryView.js","370","(callback)","false","false","false","1"
"frontend/src/components/accounting/AccountingSalaryView.js","380","(callback)","false","false","false","1"
"frontend/src/components/accounting/AccountingSalaryView.js","382","(callback)","false","false","false","5"
"frontend/src/components/accounting/AccountingSalaryView.js","384","(callback)","false","false","false","1"
"frontend/src/components/AdjustWalletBalanceModal.js","18","AdjustWalletBalanceModal","false","true","true","412"
"frontend/src/components/AdjustWalletBalanceModal.js","33","(callback)","false","false","false","10"
"frontend/src/components/AdjustWalletBalanceModal.js","91","handleSubmit","true","true","true","52"
"frontend/src/components/AdjustWalletBalanceModal.js","132","(callback)","false","false","false","4"
"frontend/src/components/AdjustWalletBalanceModal.js","148","(callback)","false","false","false","1"
"frontend/src/components/AdjustWalletBalanceModal.js","204","(callback)","false","false","false","1"
"frontend/src/components/AdjustWalletBalanceModal.js","216","(callback)","false","false","false","1"
"frontend/src/components/AdjustWalletBalanceModal.js","237","(callback)","false","false","false","5"
"frontend/src/components/AdjustWalletBalanceModal.js","252","(callback)","false","false","false","4"
"frontend/src/components/AdjustWalletBalanceModal.js","267","(callback)","false","false","false","4"
"frontend/src/components/AdjustWalletBalanceModal.js","298","(callback)","false","false","false","1"
"frontend/src/components/AdjustWalletBalanceModal.js","321","(callback)","false","false","false","1"
"frontend/src/components/AdjustWalletBalanceModal.js","369","(callback)","false","false","false","1"
"frontend/src/components/AdminResetPasswordModal.js","23","AdminResetPasswordModal","false","true","true","300"
"frontend/src/components/AdminResetPasswordModal.js","43","handleGeneratePassword","false","false","false","8"
"frontend/src/components/AdminResetPasswordModal.js","52","handleCopy","false","false","false","6"
"frontend/src/components/AdminResetPasswordModal.js","56","(callback)","false","false","false","1"
"frontend/src/components/AdminResetPasswordModal.js","59","handleSubmit","true","true","true","54"
"frontend/src/components/AdminResetPasswordModal.js","104","(callback)","false","false","false","3"
"frontend/src/components/AdminResetPasswordModal.js","114","handleClose","false","false","false","8"
"frontend/src/components/AdminResetPasswordModal.js","212","(callback)","false","false","false","1"
"frontend/src/components/AdminResetPasswordModal.js","230","(callback)","false","false","false","1"
"frontend/src/components/AdminResetPasswordModal.js","250","(callback)","false","false","false","1"
"frontend/src/components/AdminResetPasswordModal.js","257","(callback)","false","false","false","1"
"frontend/src/components/AuditLogViewer.js","10","AuditLogViewer","false","false","false","385"
"frontend/src/components/AuditLogViewer.js","25","(callback)","false","false","false","1"
"frontend/src/components/AuditLogViewer.js","30","getActionBadge","false","false","false","38"
"frontend/src/components/AuditLogViewer.js","69","renderPayload","false","false","false","132"
"frontend/src/components/AuditLogViewer.js","183","(callback)","false","false","false","1"
"frontend/src/components/AuditLogViewer.js","186","(callback)","false","false","false","12"
"frontend/src/components/AuditLogViewer.js","229","(callback)","false","false","false","4"
"frontend/src/components/AuditLogViewer.js","252","(callback)","false","false","false","1"
"frontend/src/components/AuditLogViewer.js","306","(callback)","false","false","false","48"
"frontend/src/components/AuditLogViewer.js","368","(callback)","false","false","false","1"
"frontend/src/components/AuditLogViewer.js","368","(callback)","false","false","false","1"
"frontend/src/components/AuditLogViewer.js","381","(callback)","false","false","false","1"
"frontend/src/components/AuditLogViewer.js","381","(callback)","false","false","false","1"
"frontend/src/components/CustomerCancellationSettlementModal.js","20","CustomerCancellationSettlementModal","false","true","true","281"
"frontend/src/components/CustomerCancellationSettlementModal.js","37","handleSubmit","true","true","true","64"
"frontend/src/components/CustomerCancellationSettlementModal.js","75","(callback)","false","false","false","1"
"frontend/src/components/CustomerCancellationSettlementModal.js","90","(callback)","false","false","false","4"
"frontend/src/components/CustomerCancellationSettlementModal.js","210","(callback)","false","false","false","1"
"frontend/src/components/CustomerCancellationSettlementModal.js","227","(callback)","false","false","false","1"
"frontend/src/components/CustomerCancellationSettlementModal.js","257","(callback)","false","false","false","1"
"frontend/src/components/CustomerCancellationSettlementModal.js","270","(callback)","false","false","false","1"
"frontend/src/components/CustomerEditModal.js","7","CustomerEditModal","false","true","true","437"
"frontend/src/components/CustomerEditModal.js","27","(callback)","false","false","false","20"
"frontend/src/components/CustomerEditModal.js","50","handleChange","false","false","false","10"
"frontend/src/components/CustomerEditModal.js","52","(callback)","false","false","false","1"
"frontend/src/components/CustomerEditModal.js","64","handleSubmit","true","true","true","66"
"frontend/src/components/CustomerEditModal.js","119","(callback)","false","false","false","4"
"frontend/src/components/CustomerEditModal.js","410","(callback)","false","false","false","8"
"frontend/src/components/CustomerEditModal.js","413","(callback)","false","false","false","1"
"frontend/src/components/CustomerPortfolioList.js","12","CustomerPortfolioList","false","true","false","570"
"frontend/src/components/CustomerPortfolioList.js","34","(callback)","false","false","false","24"
"frontend/src/components/CustomerPortfolioList.js","35","checkHighlight","false","false","false","11"
"frontend/src/components/CustomerPortfolioList.js","49","onHighlightEvent","false","false","false","5"
"frontend/src/components/CustomerPortfolioList.js","56","(callback)","false","false","false","1"
"frontend/src/components/CustomerPortfolioList.js","59","(callback)","false","true","false","9"
"frontend/src/components/CustomerPortfolioList.js","69","fetchCustomers","true","true","false","24"
"frontend/src/components/CustomerPortfolioList.js","83","(callback)","false","false","false","1"
"frontend/src/components/CustomerPortfolioList.js","94","(callback)","false","false","false","3"
"frontend/src/components/CustomerPortfolioList.js","99","(callback)","false","true","false","60"
"frontend/src/components/CustomerPortfolioList.js","103","(callback)","false","false","false","1"
"frontend/src/components/CustomerPortfolioList.js","113","scrollToCustomer","false","true","false","19"
"frontend/src/components/CustomerPortfolioList.js","140","(callback)","false","false","false","11"
"frontend/src/components/CustomerPortfolioList.js","152","(callback)","false","false","false","6"
"frontend/src/components/CustomerPortfolioList.js","160","handleOpenPayment","false","false","false","4"
"frontend/src/components/CustomerPortfolioList.js","165","handleOpenEdit","false","false","false","3"
"frontend/src/components/CustomerPortfolioList.js","169","handleCustomerUpdated","false","false","false","7"
"frontend/src/components/CustomerPortfolioList.js","170","(callback)","false","false","false","1"
"frontend/src/components/CustomerPortfolioList.js","170","(callback)","false","false","false","1"
"frontend/src/components/CustomerPortfolioList.js","172","(callback)","false","false","false","1"
"frontend/src/components/CustomerPortfolioList.js","177","(callback)","false","false","false","10"
"frontend/src/components/CustomerPortfolioList.js","190","canEditCustomer","false","false","false","10"
"frontend/src/components/CustomerPortfolioList.js","224","(callback)","false","false","false","1"
"frontend/src/components/CustomerPortfolioList.js","339","(callback)","false","false","false","1"
"frontend/src/components/CustomerPortfolioList.js","345","(callback)","false","false","false","1"
"frontend/src/components/CustomerPortfolioList.js","357","(callback)","false","false","false","1"
"frontend/src/components/CustomerPortfolioList.js","392","(callback)","false","false","false","121"
"frontend/src/components/CustomerPortfolioList.js","405","(callback)","false","false","false","1"
"frontend/src/components/CustomerPortfolioList.js","470","(callback)","false","false","false","1"
"frontend/src/components/CustomerPortfolioList.js","473","(callback)","false","false","false","1"
"frontend/src/components/CustomerPortfolioList.js","483","(callback)","false","false","false","1"
"frontend/src/components/CustomerPortfolioList.js","493","(callback)","false","false","false","1"
"frontend/src/components/CustomerPortfolioList.js","502","(callback)","false","false","false","1"
"frontend/src/components/CustomerPortfolioList.js","522","(callback)","false","false","false","1"
"frontend/src/components/CustomerPortfolioList.js","533","(callback)","false","false","false","1"
"frontend/src/components/CustomerPortfolioList.js","534","(callback)","false","false","false","1"
"frontend/src/components/CustomerPortfolioList.js","541","(callback)","false","false","false","1"
"frontend/src/components/CustomerPortfolioList.js","549","(callback)","false","false","false","1"
"frontend/src/components/CustomerPortfolioList.js","550","(callback)","false","false","false","6"
"frontend/src/components/CustomerPortfolioList.js","563","(callback)","false","false","false","4"
"frontend/src/components/CustomerPortfolioList.js","567","(callback)","false","false","false","11"
"frontend/src/components/CustomerPortfolioList.js","570","(callback)","false","false","false","6"
"frontend/src/components/CustomerRegistrationModal.js","24","CustomerRegistrationModal","false","true","true","413"
"frontend/src/components/CustomerRegistrationModal.js","31","handleClose","false","false","false","6"
"frontend/src/components/CustomerRegistrationModal.js","39","(callback)","false","false","false","7"
"frontend/src/components/CustomerRegistrationModal.js","59","handleChange","false","false","false","4"
"frontend/src/components/CustomerRegistrationModal.js","61","(callback)","false","false","false","1"
"frontend/src/components/CustomerRegistrationModal.js","64","handleSubmit","true","true","true","80"
"frontend/src/components/CustomerRegistrationModal.js","134","(callback)","false","false","false","4"
"frontend/src/components/CustomerStatementModal.js","9","CustomerStatementModal","false","false","false","449"
"frontend/src/components/CustomerStatementModal.js","23","(callback)","false","false","false","3"
"frontend/src/components/CustomerStatementModal.js","43","handlePrint","false","false","false","3"
"frontend/src/components/CustomerStatementModal.js","47","handleExportCSV","false","false","false","28"
"frontend/src/components/CustomerStatementModal.js","49","(callback)","false","false","false","9"
"frontend/src/components/CustomerStatementModal.js","62","(callback)","false","false","false","1"
"frontend/src/components/CustomerStatementModal.js","62","(callback)","false","false","false","1"
"frontend/src/components/CustomerStatementModal.js","93","(callback)","false","false","false","3"
"frontend/src/components/CustomerStatementModal.js","122","(callback)","false","false","false","4"
"frontend/src/components/CustomerStatementModal.js","319","(callback)","false","false","false","60"
"frontend/src/components/CustomerStatementModal.js","368","(callback)","false","false","false","1"
"frontend/src/components/CustomerStatementModal.js","436","(callback)","false","false","false","1"
"frontend/src/components/CustomerStatementModal.js","437","(callback)","false","false","false","16"
"frontend/src/components/CustomerStatementModal.js","438","(callback)","false","false","false","2"
"frontend/src/components/CustomerStatementModal.js","441","(callback)","false","false","false","1"
"frontend/src/components/DashboardStats.js","15","DashboardStats","false","false","false","311"
"frontend/src/components/DashboardStats.js","21","(callback)","false","false","false","7"
"frontend/src/components/DashboardStats.js","22","handleRefresh","false","false","false","3"
"frontend/src/components/DashboardStats.js","26","(callback)","false","false","false","1"
"frontend/src/components/DashboardStats.js","40","formatCurrency","false","false","false","3"
"frontend/src/components/DirectFundAllocationForm.js","7","DirectFundAllocationForm","false","true","false","247"
"frontend/src/components/DirectFundAllocationForm.js","19","fetchUsers","true","true","false","16"
"frontend/src/components/DirectFundAllocationForm.js","36","(callback)","false","false","false","3"
"frontend/src/components/DirectFundAllocationForm.js","40","handleChange","false","false","false","3"
"frontend/src/components/DirectFundAllocationForm.js","44","handleQuickAmount","false","false","false","3"
"frontend/src/components/DirectFundAllocationForm.js","48","handleSubmit","true","true","false","36"
"frontend/src/components/DirectFundAllocationForm.js","85","(callback)","false","false","false","1"
"frontend/src/components/DirectFundAllocationForm.js","141","(callback)","false","false","false","10"
"frontend/src/components/DirectFundAllocationForm.js","212","(callback)","false","false","false","10"
"frontend/src/components/DirectFundAllocationForm.js","216","(callback)","false","false","false","1"
"frontend/src/components/EditCustomerPaymentModal.js","19","EditCustomerPaymentModal","false","true","true","391"
"frontend/src/components/EditCustomerPaymentModal.js","42","(callback)","false","true","false","15"
"frontend/src/components/EditCustomerPaymentModal.js","60","(callback)","false","false","false","14"
"frontend/src/components/EditCustomerPaymentModal.js","82","handleSubmit","true","true","true","67"
"frontend/src/components/EditCustomerPaymentModal.js","139","(callback)","false","false","false","4"
"frontend/src/components/EditCustomerPaymentModal.js","239","(callback)","false","false","false","1"
"frontend/src/components/EditCustomerPaymentModal.js","284","(callback)","false","false","false","1"
"frontend/src/components/EditCustomerPaymentModal.js","308","(callback)","false","false","false","1"
"frontend/src/components/EditCustomerPaymentModal.js","323","(callback)","false","false","false","1"
"frontend/src/components/EditCustomerPaymentModal.js","346","(callback)","false","false","false","1"
"frontend/src/components/EditCustomerPaymentModal.js","360","(callback)","false","false","false","1"
"frontend/src/components/EditCustomerPaymentModal.js","374","(callback)","false","false","false","1"
"frontend/src/components/EditPropertyPaymentModal.js","19","EditPropertyPaymentModal","false","true","true","404"
"frontend/src/components/EditPropertyPaymentModal.js","38","(callback)","false","false","false","14"
"frontend/src/components/EditPropertyPaymentModal.js","71","handleSubmit","true","true","true","78"
"frontend/src/components/EditPropertyPaymentModal.js","139","(callback)","false","false","false","3"
"frontend/src/components/EditPropertyPaymentModal.js","202","(callback)","false","false","false","1"
"frontend/src/components/EditPropertyPaymentModal.js","218","(callback)","false","false","false","10"
"frontend/src/components/EditPropertyPaymentModal.js","258","(callback)","false","false","false","1"
"frontend/src/components/EditPropertyPaymentModal.js","332","(callback)","false","false","false","1"
"frontend/src/components/EditPropertyPaymentModal.js","350","(callback)","false","false","false","1"
"frontend/src/components/EditPropertyPaymentModal.js","369","(callback)","false","false","false","1"
"frontend/src/components/EditPropertyPaymentModal.js","384","(callback)","false","false","false","1"
"frontend/src/components/employees/EditSalaryModal.js","7","EditSalaryModal","false","true","false","231"
"frontend/src/components/employees/EditSalaryModal.js","20","handleSubmit","true","true","false","46"
"frontend/src/components/employees/EditSalaryModal.js","115","(callback)","false","false","false","1"
"frontend/src/components/employees/EditSalaryModal.js","133","(callback)","false","false","false","1"
"frontend/src/components/employees/EditSalaryModal.js","158","(callback)","false","false","false","1"
"frontend/src/components/employees/EditSalaryModal.js","171","(callback)","false","false","false","1"
"frontend/src/components/employees/EditSalaryModal.js","187","(callback)","false","false","false","1"
"frontend/src/components/employees/EditSalaryModal.js","200","(callback)","false","false","false","1"
"frontend/src/components/employees/EmployeeArchiveModal.js","7","EmployeeArchiveModal","false","true","false","158"
"frontend/src/components/employees/EmployeeArchiveModal.js","21","handleArchive","true","true","false","25"
"frontend/src/components/employees/EmployeeArchiveModal.js","98","(callback)","false","false","false","1"
"frontend/src/components/employees/EmployeeArchiveModal.js","115","(callback)","false","false","false","1"
"frontend/src/components/employees/EmployeeArchiveModal.js","127","(callback)","false","false","false","1"
"frontend/src/components/employees/EmployeeDetailView.js","41","EmployeeDetailView","false","true","true","662"
"frontend/src/components/employees/EmployeeDetailView.js","67","(callback)","true","true","false","14"
"frontend/src/components/employees/EmployeeDetailView.js","82","(callback)","false","false","false","5"
"frontend/src/components/employees/EmployeeDetailView.js","88","(callback)","true","true","true","18"
"frontend/src/components/employees/EmployeeDetailView.js","107","(callback)","false","false","false","3"
"frontend/src/components/employees/EmployeeDetailView.js","111","handleActionSuccess","false","false","false","8"
"frontend/src/components/employees/EmployeeDetailView.js","117","(callback)","false","false","false","1"
"frontend/src/components/employees/EmployeeDetailView.js","120","handleUnlink","true","true","false","23"
"frontend/src/components/employees/EmployeeDetailView.js","183","(callback)","false","false","false","1"
"frontend/src/components/employees/EmployeeDetailView.js","238","(callback)","false","false","false","1"
"frontend/src/components/employees/EmployeeDetailView.js","248","(callback)","false","false","false","1"
"frontend/src/components/employees/EmployeeDetailView.js","258","(callback)","false","false","false","1"
"frontend/src/components/employees/EmployeeDetailView.js","272","(callback)","false","false","false","1"
"frontend/src/components/employees/EmployeeDetailView.js","285","(callback)","false","false","false","1"
"frontend/src/components/employees/EmployeeDetailView.js","452","(callback)","false","false","false","1"
"frontend/src/components/employees/EmployeeDetailView.js","493","(callback)","false","false","false","1"
"frontend/src/components/employees/EmployeeDetailView.js","554","(callback)","false","false","false","1"
"frontend/src/components/employees/EmployeeDetailView.js","619","(callback)","false","false","false","25"
"frontend/src/components/employees/EmployeeDetailView.js","655","(callback)","false","false","false","1"
"frontend/src/components/employees/EmployeeDetailView.js","657","(callback)","false","false","false","1"
"frontend/src/components/employees/EmployeeDetailView.js","662","(callback)","false","false","false","1"
"frontend/src/components/employees/EmployeeDetailView.js","664","(callback)","false","false","false","1"
"frontend/src/components/employees/EmployeeDetailView.js","669","(callback)","false","false","false","1"
"frontend/src/components/employees/EmployeeDetailView.js","671","(callback)","false","false","false","1"
"frontend/src/components/employees/EmployeeDetailView.js","678","(callback)","false","false","false","1"
"frontend/src/components/employees/EmployeeDetailView.js","680","(callback)","false","false","false","4"
"frontend/src/components/employees/EmployeeDetailView.js","691","(callback)","false","false","false","1"
"frontend/src/components/employees/EmployeeDetailView.js","693","(callback)","false","false","false","5"
"frontend/src/components/employees/EmployeeLinkUserModal.js","8","EmployeeLinkUserModal","false","true","false","223"
"frontend/src/components/employees/EmployeeLinkUserModal.js","22","(callback)","false","true","false","19"
"frontend/src/components/employees/EmployeeLinkUserModal.js","24","fetchAvailableUsers","true","true","false","14"
"frontend/src/components/employees/EmployeeLinkUserModal.js","44","handleLink","true","true","false","20"
"frontend/src/components/employees/EmployeeLinkUserModal.js","65","handleUnlink","true","true","false","14"
"frontend/src/components/employees/EmployeeLinkUserModal.js","183","(callback)","false","false","false","1"
"frontend/src/components/employees/EmployeeLinkUserModal.js","188","(callback)","false","false","false","5"
"frontend/src/components/employees/EmployeeList.js","36","EmployeeList","false","true","false","764"
"frontend/src/components/employees/EmployeeList.js","51","(callback)","false","false","false","22"
"frontend/src/components/employees/EmployeeList.js","52","checkHighlight","false","false","false","11"
"frontend/src/components/employees/EmployeeList.js","66","onHighlightEvent","false","false","false","3"
"frontend/src/components/employees/EmployeeList.js","71","(callback)","false","false","false","1"
"frontend/src/components/employees/EmployeeList.js","75","(callback)","false","true","false","65"
"frontend/src/components/employees/EmployeeList.js","78","(callback)","false","false","false","1"
"frontend/src/components/employees/EmployeeList.js","92","scrollToEmployee","false","true","false","21"
"frontend/src/components/employees/EmployeeList.js","121","(callback)","false","false","false","11"
"frontend/src/components/employees/EmployeeList.js","133","(callback)","false","false","false","6"
"frontend/src/components/employees/EmployeeList.js","156","(callback)","true","true","false","23"
"frontend/src/components/employees/EmployeeList.js","180","(callback)","false","false","false","6"
"frontend/src/components/employees/EmployeeList.js","182","handleRefresh","false","false","false","1"
"frontend/src/components/employees/EmployeeList.js","184","(callback)","false","false","false","1"
"frontend/src/components/employees/EmployeeList.js","189","(callback)","false","false","false","1"
"frontend/src/components/employees/EmployeeList.js","190","(callback)","false","false","false","1"
"frontend/src/components/employees/EmployeeList.js","191","(callback)","false","false","false","1"
"frontend/src/components/employees/EmployeeList.js","193","(callback)","false","false","false","1"
"frontend/src/components/employees/EmployeeList.js","194","(callback)","false","false","false","1"
"frontend/src/components/employees/EmployeeList.js","198","(callback)","false","false","false","1"
"frontend/src/components/employees/EmployeeList.js","201","handleActionSuccess","false","false","false","5"
"frontend/src/components/employees/EmployeeList.js","203","(callback)","false","false","false","1"
"frontend/src/components/employees/EmployeeList.js","228","(callback)","false","false","false","1"
"frontend/src/components/employees/EmployeeList.js","244","(callback)","false","false","false","1"
"frontend/src/components/employees/EmployeeList.js","346","(callback)","false","false","false","1"
"frontend/src/components/employees/EmployeeList.js","356","(callback)","false","false","false","1"
"frontend/src/components/employees/EmployeeList.js","370","(callback)","false","false","false","1"
"frontend/src/components/employees/EmployeeList.js","374","(callback)","false","false","false","5"
"frontend/src/components/employees/EmployeeList.js","384","(callback)","false","false","false","1"
"frontend/src/components/employees/EmployeeList.js","422","(callback)","false","false","false","1"
"frontend/src/components/employees/EmployeeList.js","448","(callback)","false","false","false","206"
"frontend/src/components/employees/EmployeeList.js","526","(callback)","false","false","false","1"
"frontend/src/components/employees/EmployeeList.js","542","(callback)","false","false","false","1"
"frontend/src/components/employees/EmployeeList.js","597","(callback)","false","false","false","1"
"frontend/src/components/employees/EmployeeList.js","608","(callback)","false","false","false","1"
"frontend/src/components/employees/EmployeeList.js","618","(callback)","false","false","false","1"
"frontend/src/components/employees/EmployeeList.js","628","(callback)","false","false","false","1"
"frontend/src/components/employees/EmployeeList.js","642","(callback)","false","false","false","1"
"frontend/src/components/employees/EmployeeList.js","660","(callback)","false","false","false","83"
"frontend/src/components/employees/EmployeeList.js","732","(callback)","false","false","false","1"
"frontend/src/components/employees/EmployeeList.js","751","(callback)","false","false","false","1"
"frontend/src/components/employees/EmployeeList.js","752","(callback)","false","false","false","1"
"frontend/src/components/employees/EmployeeList.js","753","(callback)","false","false","false","1"
"frontend/src/components/employees/EmployeeList.js","758","(callback)","false","false","false","1"
"frontend/src/components/employees/EmployeeList.js","760","(callback)","false","false","false","1"
"frontend/src/components/employees/EmployeeList.js","761","(callback)","false","false","false","1"
"frontend/src/components/employees/EmployeeList.js","766","(callback)","false","false","false","1"
"frontend/src/components/employees/EmployeeList.js","768","(callback)","false","false","false","1"
"frontend/src/components/employees/EmployeeList.js","773","(callback)","false","false","false","1"
"frontend/src/components/employees/EmployeeList.js","775","(callback)","false","false","false","1"
"frontend/src/components/employees/EmployeeList.js","782","(callback)","false","false","false","1"
"frontend/src/components/employees/EmployeeList.js","784","(callback)","false","false","false","1"
"frontend/src/components/employees/EmployeeList.js","792","(callback)","false","false","false","1"
"frontend/src/components/employees/EmployeeList.js","794","(callback)","false","false","false","1"
"frontend/src/components/employees/EmployeeModal.js","8","EmployeeModal","false","true","true","526"
"frontend/src/components/employees/EmployeeModal.js","44","(callback)","false","false","false","52"
"frontend/src/components/employees/EmployeeModal.js","99","handleChange","false","false","false","4"
"frontend/src/components/employees/EmployeeModal.js","101","(callback)","false","false","false","1"
"frontend/src/components/employees/EmployeeModal.js","104","handleSubmit","true","true","true","75"
"frontend/src/components/employees/EmployeeModal.js","413","(callback)","false","false","false","1"
"frontend/src/components/employees/EmployeeModal.js","414","(callback)","false","false","false","5"
"frontend/src/components/employees/EmployeeModal.js","482","(callback)","false","false","false","1"
"frontend/src/components/employees/EmployeeModal.js","482","(callback)","false","false","false","1"
"frontend/src/components/employees/PaySalaryModal.js","8","PaySalaryModal","false","true","false","257"
"frontend/src/components/employees/PaySalaryModal.js","22","handleSubmit","true","true","false","50"
"frontend/src/components/employees/PaySalaryModal.js","139","(callback)","false","false","false","1"
"frontend/src/components/employees/PaySalaryModal.js","159","(callback)","false","false","false","1"
"frontend/src/components/employees/PaySalaryModal.js","176","(callback)","false","false","false","1"
"frontend/src/components/employees/PaySalaryModal.js","196","(callback)","false","false","false","1"
"frontend/src/components/employees/PaySalaryModal.js","226","(callback)","false","false","false","1"
"frontend/src/components/ExpenseList.js","12","ExpenseList","false","true","false","286"
"frontend/src/components/ExpenseList.js","22","(callback)","false","true","false","9"
"frontend/src/components/ExpenseList.js","43","handleReverseExpense","true","true","false","34"
"frontend/src/components/ExpenseList.js","79","(callback)","false","false","false","1"
"frontend/src/components/ExpenseList.js","80","(callback)","false","false","false","1"
"frontend/src/components/ExpenseList.js","123","(callback)","false","false","false","1"
"frontend/src/components/ExpenseList.js","177","(callback)","false","false","false","62"
"frontend/src/components/ExpenseList.js","227","(callback)","false","false","false","1"
"frontend/src/components/ExpenseList.js","269","(callback)","false","false","false","1"
"frontend/src/components/ExpenseList.js","278","(callback)","false","false","false","1"
"frontend/src/components/ExpenseUploadForm.js","9","ExpenseUploadForm","false","true","false","210"
"frontend/src/components/ExpenseUploadForm.js","27","(callback)","false","true","false","21"
"frontend/src/components/ExpenseUploadForm.js","28","fetchCategories","true","true","false","18"
"frontend/src/components/ExpenseUploadForm.js","49","handleChange","false","false","false","6"
"frontend/src/components/ExpenseUploadForm.js","56","handleSubmit","true","true","false","30"
"frontend/src/components/ExpenseUploadForm.js","69","(callback)","false","false","false","1"
"frontend/src/components/ExpenseUploadForm.js","131","(callback)","false","false","false","5"
"frontend/src/components/FundRequestForm.js","8","FundRequestForm","false","true","false","217"
"frontend/src/components/FundRequestForm.js","20","(callback)","false","true","false","17"
"frontend/src/components/FundRequestForm.js","21","fetchManagers","true","true","false","14"
"frontend/src/components/FundRequestForm.js","38","handleChange","false","false","false","3"
"frontend/src/components/FundRequestForm.js","42","handleQuickAmount","false","false","false","3"
"frontend/src/components/FundRequestForm.js","43","(callback)","false","false","false","1"
"frontend/src/components/FundRequestForm.js","46","handleSubmit","true","true","false","27"
"frontend/src/components/FundRequestForm.js","108","(callback)","false","false","false","5"
"frontend/src/components/FundRequestForm.js","138","(callback)","false","false","false","10"
"frontend/src/components/FundRequestForm.js","142","(callback)","false","false","false","1"
"frontend/src/components/FundRequestList.js","11","FundRequestList","false","true","false","221"
"frontend/src/components/FundRequestList.js","19","handleOverrideMode","false","false","false","3"
"frontend/src/components/FundRequestList.js","20","(callback)","false","false","false","1"
"frontend/src/components/FundRequestList.js","34","handleAction","true","true","false","37"
"frontend/src/components/FundRequestList.js","100","(callback)","false","false","false","1"
"frontend/src/components/FundRequestList.js","122","(callback)","false","false","false","1"
"frontend/src/components/FundRequestList.js","132","(callback)","false","false","false","1"
"frontend/src/components/FundRequestList.js","159","(callback)","false","false","false","65"
"frontend/src/components/FundRequestList.js","195","(callback)","false","false","false","1"
"frontend/src/components/FundRequestList.js","204","(callback)","false","false","false","1"
"frontend/src/components/FundRequestList.js","211","(callback)","false","false","false","1"
"frontend/src/components/GeneralLedgerView.js","11","GeneralLedgerView","false","false","false","201"
"frontend/src/components/GeneralLedgerView.js","23","refreshAll","false","false","false","4"
"frontend/src/components/GeneralLedgerView.js","52","(callback)","false","false","false","1"
"frontend/src/components/GeneralLedgerView.js","62","(callback)","false","false","false","1"
"frontend/src/components/GeneralLedgerView.js","106","(callback)","false","false","false","61"
"frontend/src/components/GeneralLedgerView.js","135","(callback)","false","false","false","16"
"frontend/src/components/GeneralLedgerView.js","184","(callback)","false","false","false","21"
"frontend/src/components/manager/ManagerSalaryView.js","8","ManagerSalaryView","false","true","false","140"
"frontend/src/components/manager/ManagerSalaryView.js","13","fetchTeam","true","true","false","14"
"frontend/src/components/manager/ManagerSalaryView.js","28","(callback)","false","false","false","3"
"frontend/src/components/manager/ManagerSalaryView.js","32","(callback)","false","false","false","1"
"frontend/src/components/manager/ManagerSalaryView.js","79","(callback)","false","false","false","62"
"frontend/src/components/OperationalNotesView.js","72","OperationalNotesView","false","true","true","1062"
"frontend/src/components/OperationalNotesView.js","90","(callback)","false","false","false","22"
"frontend/src/components/OperationalNotesView.js","91","checkHighlight","false","false","false","11"
"frontend/src/components/OperationalNotesView.js","105","onHighlightEvent","false","false","false","3"
"frontend/src/components/OperationalNotesView.js","110","(callback)","false","false","false","1"
"frontend/src/components/OperationalNotesView.js","133","(callback)","false","true","false","9"
"frontend/src/components/OperationalNotesView.js","143","fetchNotes","true","true","false","43"
"frontend/src/components/OperationalNotesView.js","187","(callback)","false","false","false","3"
"frontend/src/components/OperationalNotesView.js","192","(callback)","false","true","false","59"
"frontend/src/components/OperationalNotesView.js","195","(callback)","false","false","false","1"
"frontend/src/components/OperationalNotesView.js","205","scrollToNote","false","true","false","19"
"frontend/src/components/OperationalNotesView.js","232","(callback)","false","false","false","11"
"frontend/src/components/OperationalNotesView.js","244","(callback)","false","false","false","6"
"frontend/src/components/OperationalNotesView.js","252","showToast","false","false","false","4"
"frontend/src/components/OperationalNotesView.js","254","(callback)","false","false","false","1"
"frontend/src/components/OperationalNotesView.js","257","handleOpenCreate","false","false","false","14"
"frontend/src/components/OperationalNotesView.js","272","handleOpenEdit","false","false","false","18"
"frontend/src/components/OperationalNotesView.js","291","handleSubmit","true","true","true","47"
"frontend/src/components/OperationalNotesView.js","339","handleDelete","true","true","true","18"
"frontend/src/components/OperationalNotesView.js","358","getCategoryMeta","false","false","false","10"
"frontend/src/components/OperationalNotesView.js","360","(callback)","false","false","false","1"
"frontend/src/components/OperationalNotesView.js","369","canModify","false","false","false","5"
"frontend/src/components/OperationalNotesView.js","385","(callback)","false","false","false","1"
"frontend/src/components/OperationalNotesView.js","530","(callback)","false","false","false","1"
"frontend/src/components/OperationalNotesView.js","531","(callback)","false","false","false","3"
"frontend/src/components/OperationalNotesView.js","546","(callback)","false","false","false","1"
"frontend/src/components/OperationalNotesView.js","556","(callback)","false","false","false","1"
"frontend/src/components/OperationalNotesView.js","563","(callback)","false","false","false","6"
"frontend/src/components/OperationalNotesView.js","590","(callback)","false","false","false","18"
"frontend/src/components/OperationalNotesView.js","596","(callback)","false","false","false","1"
"frontend/src/components/OperationalNotesView.js","654","(callback)","false","false","false","140"
"frontend/src/components/OperationalNotesView.js","764","(callback)","false","false","false","1"
"frontend/src/components/OperationalNotesView.js","774","(callback)","false","false","false","1"
"frontend/src/components/OperationalNotesView.js","781","(callback)","false","false","false","1"
"frontend/src/components/OperationalNotesView.js","822","(callback)","false","false","false","1"
"frontend/src/components/OperationalNotesView.js","845","(callback)","false","false","false","2"
"frontend/src/components/OperationalNotesView.js","850","(callback)","false","false","false","1"
"frontend/src/components/OperationalNotesView.js","850","(callback)","false","false","false","5"
"frontend/src/components/OperationalNotesView.js","867","(callback)","false","false","false","2"
"frontend/src/components/OperationalNotesView.js","884","(callback)","false","false","false","2"
"frontend/src/components/OperationalNotesView.js","902","(callback)","false","false","false","2"
"frontend/src/components/OperationalNotesView.js","920","(callback)","false","false","false","2"
"frontend/src/components/OperationalNotesView.js","935","(callback)","false","false","false","2"
"frontend/src/components/OperationalNotesView.js","952","(callback)","false","false","false","2"
"frontend/src/components/OperationalNotesView.js","963","(callback)","false","false","false","1"
"frontend/src/components/OperationalNotesView.js","1003","(callback)","false","false","false","1"
"frontend/src/components/OperationalNotesView.js","1089","(callback)","false","false","false","1"
"frontend/src/components/OperationalNotesView.js","1116","(callback)","false","false","false","1"
"frontend/src/components/OperationalNotesView.js","1122","(callback)","false","false","false","1"
"frontend/src/components/PropertyAcquisitionList.js","12","PropertyAcquisitionList","false","true","false","491"
"frontend/src/components/PropertyAcquisitionList.js","31","(callback)","false","false","false","22"
"frontend/src/components/PropertyAcquisitionList.js","32","checkHighlight","false","false","false","11"
"frontend/src/components/PropertyAcquisitionList.js","46","onHighlightEvent","false","false","false","3"
"frontend/src/components/PropertyAcquisitionList.js","51","(callback)","false","false","false","1"
"frontend/src/components/PropertyAcquisitionList.js","54","fetchProperties","true","true","false","18"
"frontend/src/components/PropertyAcquisitionList.js","73","(callback)","false","false","false","3"
"frontend/src/components/PropertyAcquisitionList.js","78","(callback)","false","true","false","59"
"frontend/src/components/PropertyAcquisitionList.js","81","(callback)","false","false","false","1"
"frontend/src/components/PropertyAcquisitionList.js","91","scrollToProperty","false","true","false","19"
"frontend/src/components/PropertyAcquisitionList.js","118","(callback)","false","false","false","11"
"frontend/src/components/PropertyAcquisitionList.js","130","(callback)","false","false","false","6"
"frontend/src/components/PropertyAcquisitionList.js","138","handleOpenPayment","false","false","false","4"
"frontend/src/components/PropertyAcquisitionList.js","143","(callback)","false","false","false","10"
"frontend/src/components/PropertyAcquisitionList.js","156","(callback)","false","true","false","13"
"frontend/src/components/PropertyAcquisitionList.js","174","handlePaymentUpdated","true","true","false","17"
"frontend/src/components/PropertyAcquisitionList.js","213","(callback)","false","false","false","1"
"frontend/src/components/PropertyAcquisitionList.js","259","(callback)","false","false","false","1"
"frontend/src/components/PropertyAcquisitionList.js","265","(callback)","false","false","false","1"
"frontend/src/components/PropertyAcquisitionList.js","277","(callback)","false","false","false","1"
"frontend/src/components/PropertyAcquisitionList.js","310","(callback)","false","false","false","79"
"frontend/src/components/PropertyAcquisitionList.js","370","(callback)","false","false","false","1"
"frontend/src/components/PropertyAcquisitionList.js","378","(callback)","false","false","false","1"
"frontend/src/components/PropertyAcquisitionList.js","397","(callback)","false","false","false","1"
"frontend/src/components/PropertyAcquisitionList.js","398","(callback)","false","false","false","1"
"frontend/src/components/PropertyAcquisitionList.js","404","(callback)","false","false","false","4"
"frontend/src/components/PropertyAcquisitionList.js","409","(callback)","false","false","false","1"
"frontend/src/components/PropertyAcquisitionList.js","416","(callback)","false","false","false","4"
"frontend/src/components/PropertyAcquisitionList.js","436","(callback)","false","false","false","1"
"frontend/src/components/PropertyAcquisitionList.js","459","(callback)","false","false","false","25"
"frontend/src/components/PropertyAcquisitionList.js","470","(callback)","false","false","false","4"
"frontend/src/components/PropertyAcquisitionList.js","491","(callback)","false","false","false","1"
"frontend/src/components/PropertyAcquisitionModal.js","18","PropertyAcquisitionModal","false","true","true","306"
"frontend/src/components/PropertyAcquisitionModal.js","25","handleClose","false","false","false","6"
"frontend/src/components/PropertyAcquisitionModal.js","32","(callback)","false","false","false","7"
"frontend/src/components/PropertyAcquisitionModal.js","42","handleChange","false","false","false","4"
"frontend/src/components/PropertyAcquisitionModal.js","44","(callback)","false","false","false","1"
"frontend/src/components/PropertyAcquisitionModal.js","51","handleSubmit","true","true","true","59"
"frontend/src/components/PropertyAcquisitionModal.js","100","(callback)","false","false","false","4"
"frontend/src/components/RecordBankInflowModal.js","9","RecordBankInflowModal","false","true","false","340"
"frontend/src/components/RecordBankInflowModal.js","28","handleChange","false","false","false","4"
"frontend/src/components/RecordBankInflowModal.js","30","(callback)","false","false","false","1"
"frontend/src/components/RecordBankInflowModal.js","33","handleSubmit","true","true","false","53"
"frontend/src/components/RecordBankInflowModal.js","62","(callback)","false","false","false","1"
"frontend/src/components/RecordBankInflowModal.js","87","getCreditAccountLabel","false","false","false","12"
"frontend/src/components/RecordCustomerPaymentModal.js","8","RecordCustomerPaymentModal","false","true","true","275"
"frontend/src/components/RecordCustomerPaymentModal.js","25","(callback)","false","false","false","1"
"frontend/src/components/RecordCustomerPaymentModal.js","33","handleSubmit","true","true","true","63"
"frontend/src/components/RecordCustomerPaymentModal.js","65","(callback)","false","false","false","1"
"frontend/src/components/RecordCustomerPaymentModal.js","81","(callback)","false","false","false","9"
"frontend/src/components/RecordCustomerPaymentModal.js","162","(callback)","false","false","false","1"
"frontend/src/components/RecordCustomerPaymentModal.js","175","(callback)","false","false","false","1"
"frontend/src/components/RecordCustomerPaymentModal.js","186","(callback)","false","false","false","1"
"frontend/src/components/RecordCustomerPaymentModal.js","204","(callback)","false","false","false","1"
"frontend/src/components/RecordCustomerPaymentModal.js","220","(callback)","false","false","false","1"
"frontend/src/components/RecordCustomerPaymentModal.js","224","(callback)","false","false","false","1"
"frontend/src/components/RecordCustomerPaymentModal.js","229","(callback)","false","false","false","1"
"frontend/src/components/RecordCustomerPaymentModal.js","241","(callback)","false","false","false","1"
"frontend/src/components/RecordCustomerPaymentModal.js","252","(callback)","false","false","false","1"
"frontend/src/components/RecordPropertyPaymentModal.js","8","RecordPropertyPaymentModal","false","true","true","319"
"frontend/src/components/RecordPropertyPaymentModal.js","24","(callback)","false","true","false","21"
"frontend/src/components/RecordPropertyPaymentModal.js","27","fetchTreasury","true","true","false","15"
"frontend/src/components/RecordPropertyPaymentModal.js","56","handleSubmit","true","true","true","64"
"frontend/src/components/RecordPropertyPaymentModal.js","94","(callback)","false","false","false","1"
"frontend/src/components/RecordPropertyPaymentModal.js","110","(callback)","false","false","false","4"
"frontend/src/components/RecordPropertyPaymentModal.js","195","(callback)","false","false","false","1"
"frontend/src/components/RecordPropertyPaymentModal.js","208","(callback)","false","false","false","1"
"frontend/src/components/RecordPropertyPaymentModal.js","239","(callback)","false","false","false","1"
"frontend/src/components/RecordPropertyPaymentModal.js","257","(callback)","false","false","false","1"
"frontend/src/components/RecordPropertyPaymentModal.js","273","(callback)","false","false","false","1"
"frontend/src/components/RecordPropertyPaymentModal.js","285","(callback)","false","false","false","1"
"frontend/src/components/RecordPropertyPaymentModal.js","297","(callback)","false","false","false","1"
"frontend/src/components/SoftDashboardShell.js","27","SoftDashboardShell","false","false","false","423"
"frontend/src/components/SoftDashboardShell.js","42","(callback)","false","false","false","10"
"frontend/src/components/SoftDashboardShell.js","56","(callback)","false","false","false","13"
"frontend/src/components/SoftDashboardShell.js","71","(callback)","false","false","false","84"
"frontend/src/components/SoftDashboardShell.js","157","(callback)","false","false","false","8"
"frontend/src/components/SoftDashboardShell.js","166","(callback)","false","false","false","1"
"frontend/src/components/SoftDashboardShell.js","174","(callback)","false","false","false","6"
"frontend/src/components/SoftDashboardShell.js","181","(callback)","false","false","false","12"
"frontend/src/components/SoftDashboardShell.js","188","(callback)","false","false","false","4"
"frontend/src/components/SoftDashboardShell.js","194","(callback)","false","false","false","8"
"frontend/src/components/SoftDashboardShell.js","203","handleScrollLeft","false","false","false","5"
"frontend/src/components/SoftDashboardShell.js","209","handleScrollRight","false","false","false","5"
"frontend/src/components/SoftDashboardShell.js","276","(callback)","false","false","false","12"
"frontend/src/components/SoftDashboardShell.js","370","(callback)","false","false","false","29"
"frontend/src/components/SoftDashboardShell.js","379","(callback)","false","false","false","1"
"frontend/src/components/TransactionDocumentButton.js","7","TransactionDocumentButton","false","true","false","14"
"frontend/src/components/TransactionDocumentButton.js","11","open","true","true","false","8"
"frontend/src/components/TransactionDocumentButton.js","19","(callback)","false","false","false","1"
"frontend/src/components/TransactionDocumentButton.js","19","(callback)","false","false","false","1"
"frontend/src/components/TransactionDocuments.js","9","label","false","false","false","1"
"frontend/src/components/TransactionDocuments.js","9","(callback)","false","false","false","1"
"frontend/src/components/TransactionDocuments.js","11","DocumentBadge","false","false","false","4"
"frontend/src/components/TransactionDocuments.js","15","TransactionDocuments","false","true","false","128"
"frontend/src/components/TransactionDocuments.js","36","(callback)","true","true","false","9"
"frontend/src/components/TransactionDocuments.js","45","(callback)","false","true","false","8"
"frontend/src/components/TransactionDocuments.js","48","(callback)","false","false","false","1"
"frontend/src/components/TransactionDocuments.js","49","(callback)","false","false","false","1"
"frontend/src/components/TransactionDocuments.js","50","(callback)","false","false","false","1"
"frontend/src/components/TransactionDocuments.js","51","(callback)","false","false","false","1"
"frontend/src/components/TransactionDocuments.js","53","(callback)","false","false","false","1"
"frontend/src/components/TransactionDocuments.js","53","(callback)","false","false","false","1"
"frontend/src/components/TransactionDocuments.js","54","(callback)","false","false","false","3"
"frontend/src/components/TransactionDocuments.js","55","(callback)","false","false","false","1"
"frontend/src/components/TransactionDocuments.js","57","(callback)","false","false","false","1"
"frontend/src/components/TransactionDocuments.js","59","setWorking","false","false","false","1"
"frontend/src/components/TransactionDocuments.js","61","upload","true","true","false","20"
"frontend/src/components/TransactionDocuments.js","67","(callback)","false","false","false","1"
"frontend/src/components/TransactionDocuments.js","81","remove","true","true","false","4"
"frontend/src/components/TransactionDocuments.js","82","(callback)","false","false","false","1"
"frontend/src/components/TransactionDocuments.js","85","previewStaged","false","false","false","5"
"frontend/src/components/TransactionDocuments.js","90","view","true","true","false","10"
"frontend/src/components/TransactionDocuments.js","96","(callback)","false","false","false","1"
"frontend/src/components/TransactionDocuments.js","100","review","true","true","false","5"
"frontend/src/components/TransactionDocuments.js","110","(callback)","false","false","false","1"
"frontend/src/components/TransactionDocuments.js","111","(callback)","false","false","false","1"
"frontend/src/components/TransactionDocuments.js","114","(callback)","false","false","false","1"
"frontend/src/components/TransactionDocuments.js","114","(callback)","false","false","false","1"
"frontend/src/components/TransactionDocuments.js","115","(callback)","false","false","false","1"
"frontend/src/components/TransactionDocuments.js","116","(callback)","false","false","false","1"
"frontend/src/components/TransactionDocuments.js","116","(callback)","false","false","false","1"
"frontend/src/components/TransactionDocuments.js","118","(callback)","false","false","false","1"
"frontend/src/components/TransactionDocuments.js","122","(callback)","false","false","false","1"
"frontend/src/components/TransactionDocuments.js","122","(callback)","false","false","false","1"
"frontend/src/components/TransactionDocuments.js","122","(callback)","false","false","false","1"
"frontend/src/components/TransactionDocuments.js","123","(callback)","false","false","false","1"
"frontend/src/components/TransactionDocuments.js","127","(callback)","false","false","false","1"
"frontend/src/components/TransactionDocuments.js","127","(callback)","false","false","false","1"
"frontend/src/components/TransactionDocuments.js","128","(callback)","false","true","false","9"
"frontend/src/components/TransactionDocuments.js","132","(callback)","false","false","false","1"
"frontend/src/components/TransactionDocuments.js","132","(callback)","false","false","false","1"
"frontend/src/components/TransactionDocuments.js","132","(callback)","true","true","false","1"
"frontend/src/components/TransactionDocuments.js","133","(callback)","false","false","false","1"
"frontend/src/components/TransactionDocuments.js","134","(callback)","false","false","false","1"
"frontend/src/components/TransactionDocuments.js","134","(callback)","false","false","false","1"
"frontend/src/components/TransactionDocuments.js","135","(callback)","false","false","false","1"
"frontend/src/components/TransactionDocuments.js","137","(callback)","false","false","false","1"
"frontend/src/components/TransactionDocuments.js","137","(callback)","false","false","false","1"
"frontend/src/components/TransactionDocuments.js","137","(callback)","false","false","false","1"
"frontend/src/components/TransactionDocuments.js","137","(callback)","false","false","false","1"
"frontend/src/components/TransactionDocuments.js","138","(callback)","false","false","false","1"
"frontend/src/components/TransactionDocuments.js","139","(callback)","false","false","false","1"
"frontend/src/components/TransactionDocuments.js","139","(callback)","false","false","false","1"
"frontend/src/components/TransactionDocuments.js","139","(callback)","false","false","false","1"
"frontend/src/components/TransactionDocuments.js","140","(callback)","false","false","false","1"
"frontend/src/components/TransactionDocuments.js","140","(callback)","false","false","false","1"
"frontend/src/components/TransactionLedger.js","10","TransactionLedger","false","true","false","213"
"frontend/src/components/TransactionLedger.js","13","(callback)","false","false","false","22"
"frontend/src/components/TransactionLedger.js","14","checkHighlight","false","false","false","11"
"frontend/src/components/TransactionLedger.js","28","onHighlightEvent","false","false","false","3"
"frontend/src/components/TransactionLedger.js","33","(callback)","false","false","false","1"
"frontend/src/components/TransactionLedger.js","44","(callback)","false","true","false","51"
"frontend/src/components/TransactionLedger.js","47","scrollToTxn","false","true","false","22"
"frontend/src/components/TransactionLedger.js","76","(callback)","false","false","false","11"
"frontend/src/components/TransactionLedger.js","88","(callback)","false","false","false","6"
"frontend/src/components/TransactionLedger.js","96","getEntryBadge","false","false","false","30"
"frontend/src/components/TransactionLedger.js","137","(callback)","false","false","false","1"
"frontend/src/components/TransactionLedger.js","169","(callback)","false","false","false","47"
"frontend/src/components/TreasuryInflowList.js","12","formatReference","false","false","false","12"
"frontend/src/components/TreasuryInflowList.js","25","TreasuryInflowList","false","true","false","363"
"frontend/src/components/TreasuryInflowList.js","35","fetchCashflow","true","true","false","18"
"frontend/src/components/TreasuryInflowList.js","54","(callback)","false","false","false","4"
"frontend/src/components/TreasuryInflowList.js","56","(callback)","false","false","false","1"
"frontend/src/components/TreasuryInflowList.js","59","handleInflowSuccess","false","false","false","5"
"frontend/src/components/TreasuryInflowList.js","62","(callback)","false","false","false","1"
"frontend/src/components/TreasuryInflowList.js","65","(callback)","false","false","false","17"
"frontend/src/components/TreasuryInflowList.js","96","(callback)","false","false","false","1"
"frontend/src/components/TreasuryInflowList.js","123","(callback)","false","false","false","4"
"frontend/src/components/TreasuryInflowList.js","137","(callback)","false","false","false","4"
"frontend/src/components/TreasuryInflowList.js","151","(callback)","false","false","false","4"
"frontend/src/components/TreasuryInflowList.js","172","(callback)","false","false","false","4"
"frontend/src/components/TreasuryInflowList.js","183","(callback)","false","false","false","1"
"frontend/src/components/TreasuryInflowList.js","274","(callback)","false","false","false","63"
"frontend/src/components/TreasuryInflowList.js","353","(callback)","false","false","false","1"
"frontend/src/components/TreasuryInflowList.js","353","(callback)","false","false","false","1"
"frontend/src/components/TreasuryInflowList.js","367","(callback)","false","false","false","1"
"frontend/src/components/TreasuryInflowList.js","367","(callback)","false","false","false","1"
"frontend/src/components/TreasuryInflowList.js","382","(callback)","false","false","false","1"
"frontend/src/components/UserPasswordManagement.js","26","UserPasswordManagement","false","true","true","689"
"frontend/src/components/UserPasswordManagement.js","49","(callback)","false","false","false","8"
"frontend/src/components/UserPasswordManagement.js","51","(callback)","false","false","false","4"
"frontend/src/components/UserPasswordManagement.js","59","(callback)","false","false","false","1"
"frontend/src/components/UserPasswordManagement.js","59","(callback)","false","false","false","1"
"frontend/src/components/UserPasswordManagement.js","60","(callback)","false","false","false","1"
"frontend/src/components/UserPasswordManagement.js","60","(callback)","false","false","false","1"
"frontend/src/components/UserPasswordManagement.js","63","(callback)","false","false","false","23"
"frontend/src/components/UserPasswordManagement.js","65","(callback)","false","false","false","20"
"frontend/src/components/UserPasswordManagement.js","87","handleResetSuccess","false","false","false","12"
"frontend/src/components/UserPasswordManagement.js","95","(callback)","false","false","false","3"
"frontend/src/components/UserPasswordManagement.js","100","handleConfirmToggleStatus","true","true","true","44"
"frontend/src/components/UserPasswordManagement.js","135","(callback)","false","false","false","3"
"frontend/src/components/UserPasswordManagement.js","145","getRoleBadgeClass","false","false","false","16"
"frontend/src/components/UserPasswordManagement.js","268","(callback)","false","false","false","1"
"frontend/src/components/UserPasswordManagement.js","285","(callback)","false","false","false","1"
"frontend/src/components/UserPasswordManagement.js","302","(callback)","false","false","false","1"
"frontend/src/components/UserPasswordManagement.js","309","(callback)","false","false","false","1"
"frontend/src/components/UserPasswordManagement.js","321","(callback)","false","false","false","1"
"frontend/src/components/UserPasswordManagement.js","332","(callback)","false","false","false","1"
"frontend/src/components/UserPasswordManagement.js","344","(callback)","false","false","false","1"
"frontend/src/components/UserPasswordManagement.js","364","(callback)","false","false","false","1"
"frontend/src/components/UserPasswordManagement.js","373","(callback)","false","false","false","14"
"frontend/src/components/UserPasswordManagement.js","377","(callback)","false","false","false","1"
"frontend/src/components/UserPasswordManagement.js","390","(callback)","false","false","false","1"
"frontend/src/components/UserPasswordManagement.js","435","(callback)","false","false","false","134"
"frontend/src/components/UserPasswordManagement.js","459","(callback)","false","false","false","1"
"frontend/src/components/UserPasswordManagement.js","522","(callback)","false","false","false","1"
"frontend/src/components/UserPasswordManagement.js","541","(callback)","false","false","false","1"
"frontend/src/components/UserPasswordManagement.js","557","(callback)","false","false","false","1"
"frontend/src/components/UserPasswordManagement.js","618","(callback)","false","false","false","1"
"frontend/src/components/UserPasswordManagement.js","664","(callback)","false","false","false","1"
"frontend/src/components/UserPasswordManagement.js","708","(callback)","false","false","false","1"
"frontend/src/components/UserRegistrationForm.js","8","UserRegistrationForm","false","true","false","224"
"frontend/src/components/UserRegistrationForm.js","19","(callback)","false","true","false","23"
"frontend/src/components/UserRegistrationForm.js","20","fetchRoles","true","true","false","20"
"frontend/src/components/UserRegistrationForm.js","43","handleChange","false","false","false","6"
"frontend/src/components/UserRegistrationForm.js","50","handleSubmit","true","true","false","34"
"frontend/src/components/UserRegistrationForm.js","198","(callback)","false","false","false","5"
"frontend/src/components/UserWalletLedger.js","12","UserWalletLedger","false","false","false","247"
"frontend/src/components/UserWalletLedger.js","26","(callback)","false","false","false","8"
"frontend/src/components/UserWalletLedger.js","35","(callback)","false","false","false","1"
"frontend/src/components/UserWalletLedger.js","36","(callback)","false","false","false","1"
"frontend/src/components/UserWalletLedger.js","37","(callback)","false","false","false","1"
"frontend/src/components/UserWalletLedger.js","65","(callback)","false","false","false","1"
"frontend/src/components/UserWalletLedger.js","69","(callback)","false","false","false","1"
"frontend/src/components/UserWalletLedger.js","106","(callback)","false","false","false","112"
"frontend/src/components/UserWalletLedger.js","194","(callback)","false","false","false","1"
"frontend/src/components/UserWalletLedger.js","203","(callback)","false","false","false","1"
"frontend/src/components/UserWalletLedger.js","237","(callback)","false","false","false","1"
"frontend/src/components/UserWalletLedger.js","239","(callback)","false","false","false","3"
"frontend/src/components/UserWalletLedger.js","250","(callback)","false","false","false","1"
"frontend/src/components/UserWalletLedger.js","251","(callback)","false","false","false","3"
"frontend/src/config/api.js","18","getApiUrl","false","false","false","32"
"frontend/src/context/AuthContext.js","10","useAuth","false","false","false","1"
"frontend/src/context/AuthContext.js","12","AuthProvider","false","true","false","119"
"frontend/src/context/AuthContext.js","17","(callback)","false","true","false","39"
"frontend/src/context/AuthContext.js","48","handleWheel","false","false","false","5"
"frontend/src/context/AuthContext.js","54","(callback)","false","false","false","1"
"frontend/src/context/AuthContext.js","57","login","true","true","false","50"
"frontend/src/context/AuthContext.js","108","logout","false","false","false","7"
"frontend/src/context/AuthContext.js","116","logoutWithMessage","false","false","false","8"
"frontend/src/context/DashboardContext.js","9","handleSelect","false","false","false","1"
"frontend/src/context/DashboardContext.js","10","registerPanels","false","false","false","1"
"frontend/src/context/DashboardContext.js","13","DashboardProvider","false","false","false","34"
"frontend/src/context/DashboardContext.js","19","(callback)","false","false","false","6"
"frontend/src/context/DashboardContext.js","22","(callback)","false","false","false","1"
"frontend/src/context/DashboardContext.js","26","(callback)","false","false","false","6"
"frontend/src/context/DashboardContext.js","48","useDashboardNav","false","false","false","3"
"frontend/src/context/SWRProvider.js","5","SWRProvider","false","false","false","14"
"frontend/src/services/apiClient.js","6","generateIdempotencyKey","false","false","false","5"
"frontend/src/services/apiClient.js","17","apiRequest","true","true","true","109"
"frontend/src/services/apiClient.js","30","(callback)","false","false","false","5"
"frontend/src/services/apiClient.js","99","(callback)","false","false","false","1"
"frontend/src/services/apiClient.js","112","(callback)","false","false","false","1"
"frontend/src/services/documentService.js","3","documentRequest","false","false","false","1"
"frontend/src/services/documentService.js","5","validateDocumentFile","false","false","true","7"
"frontend/src/services/documentService.js","12","uploadDocument","false","true","false","23"
"frontend/src/services/documentService.js","14","(callback)","false","true","false","20"
"frontend/src/services/documentService.js","23","xhr.upload.onprogress","false","false","false","1"
"frontend/src/services/documentService.js","24","xhr.onerror","false","false","false","1"
"frontend/src/services/documentService.js","25","xhr.ontimeout","false","false","false","1"
"frontend/src/services/documentService.js","26","xhr.onload","false","true","false","6"
"frontend/src/services/documentService.js","35","documentBlob","true","false","true","5"
"frontend/src/services/employeeService.js","12","getEmployees","true","false","false","6"
"frontend/src/services/employeeService.js","23","createEmployee","true","false","false","7"
"frontend/src/services/employeeService.js","35","getEmployeeById","true","false","true","6"
"frontend/src/services/employeeService.js","47","updateEmployee","true","false","true","7"
"frontend/src/services/employeeService.js","60","archiveEmployee","true","false","true","8"
"frontend/src/services/employeeService.js","74","linkUser","true","false","true","9"
"frontend/src/services/employeeService.js","88","unlinkUser","true","false","true","7"
"frontend/src/services/salaryService.js","11","getSalarySummary","true","false","false","6"
"frontend/src/services/salaryService.js","23","updateSalaryConfig","true","false","true","7"
"frontend/src/services/salaryService.js","36","paySalary","true","false","true","8"
"frontend/src/services/salaryService.js","49","getSalaryPayments","true","false","true","6"
"frontend/src/utils/fetcher.js","3","fetcher","true","false","true","52"
"frontend/src/utils/fetcher.js","32","(callback)","false","false","false","1"
"frontend/src/utils/fetcher.js","44","(callback)","false","false","false","1"
"frontend/src/utils/formatters.js","11","formatINR","false","false","false","16"
"frontend/src/utils/formatters.js","34","formatNumberINR","false","false","false","16"
"frontend/src/utils/formatters.js","61","formatDate","false","true","false","47"
"frontend/src/utils/formatters.js","91","(callback)","false","false","false","1"
"frontend/src/utils/formatters.js","92","(callback)","false","false","false","1"
"frontend/src/utils/formatters.js","93","(callback)","false","false","false","1"
"frontend/src/utils/formatters.js","115","formatTime","false","true","false","16"
"frontend/src/utils/formatters.js","138","formatDateTime","false","true","false","12"
"frontend/src/utils/formatters.js","157","toISTDateInputString","false","true","false","14"
"frontend/src/utils/formatters.js","179","createSafePaymentDateISO","false","true","false","11"
"frontend/src/utils/passwordValidator.js","64","validatePasswordStrength","false","false","false","73"
"frontend/src/utils/passwordValidator.js","141","generateSecurePassword","false","false","false","21"
"frontend/src/utils/passwordValidator.js","160","(callback)","false","false","false","1"
"frontend/src/utils/permissions.js","12","hasPermission","false","false","false","12"
"frontend/src/utils/permissions.js","31","hasAnyPermission","false","false","false","6"
"frontend/src/utils/permissions.js","35","(callback)","false","false","false","1"
"frontend/src/utils/permissions.js","44","hasAllPermissions","false","false","false","6"
"frontend/src/utils/permissions.js","48","(callback)","false","false","false","1"